"Libellé";"Cours des matières premières importées - Pétrole brut  Brent (Londres) – Prix en euros par baril";"Codes";"Cours des matières premières importées - Pétrole brut  Brent (Londres) – Prix en euros par baril";"Codes";"Cours des matières premières importées - Pétrole brut  Brent (Londres) – Prix en euros par baril";"Codes";"Cours des matières premières importées - Pétrole brut  Brent (Londres) – Prix en euros par baril";"Codes";"Cours des matières premières importées - Pétrole brut  Brent (Londres) – Prix en euros par baril";"Codes";"Cours des matières premières importées - Pétrole brut  Brent (Londres) – Prix en euros par baril";"Codes";"Cours des matières premières importées - Pétrole brut  Brent (Londres) – Prix en euros par baril";"Codes";"Cours des matières premières importées - Pétrole brut  Brent (Londres) – Prix en euros par baril";"Codes";"Cours des matières premières importées - Pétrole brut  Brent (Londres) – Prix en euros par baril";"Codes";"Cours des matières premières importées - Pétrole brut  Brent (Londres) – Prix en euros par baril";"Codes";"Cours des matières premières importées - Pétrole brut  Brent (Londres) – Prix en euros par baril";"Codes";"Cours des matières premières importées - Pétrole brut  Brent (Londres) – Prix en euros par baril";"Codes";"Cours des matières premières importées - Pétrole brut  Brent (Londres) – Prix en euros par baril";"Codes";"Cours des matières premières importées - Pétrole brut  Brent (Londres) – Prix en euros par baril";"Codes"
"idBank";"010002078";"";"010002078";"";"010002078";"";"010002078";"";"010002078";"";"010002078";"";"010002078";"";"010002078";"";"010002078";"";"010002078";"";"010002078";"";"010002078";"";"010002078";"";"010002078";""
"Mises à jour";"22/03/2024 12:00";"";"16/02/2024 12:00";"";"24/01/2024 12:00";"";"22/12/2023 12:00";"";"17/11/2023 12:00";"";"20/10/2023 12:00";"";"22/09/2023 12:00";"";"25/08/2023 12:00";"";"27/07/2023 12:00";"";"23/06/2023 12:00";"";"17/05/2023 12:00";"";"21/04/2023 12:00";"";"17/03/2023 12:00";"";"17/02/2023 12:00";""
"Période";"";"";"";"";"";"";"";"";"";"";"";"";"";"";"";"";"";"";"";"";"";"";"";"";"";"";"";""
"2024-02";"77.3";"A";"";"";"";"";"";"";"";"";"";"";"";"";"";"";"";"";"";"";"";"";"";"";"";"";"";""
"2024-01";"73.4";"A";"73.4";"A";"";"";"";"";"";"";"";"";"";"";"";"";"";"";"";"";"";"";"";"";"";"";"";""
"2023-12";"71.2";"A";"71.2";"A";"71.2";"A";"";"";"";"";"";"";"";"";"";"";"";"";"";"";"";"";"";"";"";"";"";""
"2023-11";"76.8";"A";"76.8";"A";"76.8";"A";"76.8";"A";"";"";"";"";"";"";"";"";"";"";"";"";"";"";"";"";"";"";"";""
"2023-10";"85.8";"A";"85.8";"A";"85.8";"A";"85.8";"A";"85.5";"A";"";"";"";"";"";"";"";"";"";"";"";"";"";"";"";"";"";""
"2023-09";"87.5";"A";"87.5";"A";"87.5";"A";"87.5";"A";"87.5";"A";"87.5";"A";"";"";"";"";"";"";"";"";"";"";"";"";"";"";"";""
"2023-08";"78.9";"A";"78.9";"A";"78.9";"A";"78.9";"A";"78.9";"A";"78.9";"A";"78.9";"A";"";"";"";"";"";"";"";"";"";"";"";"";"";""
"2023-07";"72.4";"A";"72.4";"A";"72.4";"A";"72.4";"A";"72.4";"A";"72.4";"A";"72.4";"A";"72.4";"A";"";"";"";"";"";"";"";"";"";"";"";""
"2023-06";"69.0";"A";"69.0";"A";"69.0";"A";"69.0";"A";"69.0";"A";"69.0";"A";"69.0";"A";"69.0";"A";"69.0";"A";"";"";"";"";"";"";"";"";"";""
"2023-05";"69.6";"A";"69.6";"A";"69.6";"A";"69.6";"A";"69.6";"A";"69.6";"A";"69.6";"A";"69.6";"A";"69.6";"A";"69.6";"A";"";"";"";"";"";"";"";""
"2023-04";"77.2";"A";"77.2";"A";"77.2";"A";"77.2";"A";"77.2";"A";"77.2";"A";"77.2";"A";"77.2";"A";"77.2";"A";"77.2";"A";"77.2";"A";"";"";"";"";"";""
"2023-03";"73.3";"A";"73.3";"A";"73.3";"A";"73.3";"A";"73.3";"A";"73.3";"A";"73.3";"A";"73.3";"A";"73.3";"A";"73.3";"A";"73.3";"A";"73.3";"A";"";"";"";""
"2023-02";"77.3";"A";"77.3";"A";"77.3";"A";"77.3";"A";"77.3";"A";"77.3";"A";"77.3";"A";"77.3";"A";"77.3";"A";"77.3";"A";"77.3";"A";"77.3";"A";"77.3";"A";"";""
"2023-01";"76.6";"A";"76.6";"A";"76.6";"A";"76.6";"A";"76.6";"A";"76.6";"A";"76.6";"A";"76.6";"A";"76.6";"A";"76.6";"A";"76.6";"A";"76.6";"A";"76.6";"A";"76.6";"A"
"2022-12";"76.5";"A";"76.5";"A";"76.5";"A";"76.5";"A";"76.5";"A";"76.5";"A";"76.5";"A";"76.5";"A";"76.5";"A";"76.5";"A";"76.5";"A";"76.5";"A";"76.5";"A";"76.5";"A"
"2022-11";"89.7";"A";"89.7";"A";"89.7";"A";"89.7";"A";"89.7";"A";"89.7";"A";"89.7";"A";"89.7";"A";"89.7";"A";"89.7";"A";"89.7";"A";"89.7";"A";"89.7";"A";"89.7";"A"
"2022-10";"95.0";"A";"95.0";"A";"95.0";"A";"95.0";"A";"95.0";"A";"95.0";"A";"95.0";"A";"95.0";"A";"95.0";"A";"95.0";"A";"95.0";"A";"95.0";"A";"95.0";"A";"95.0";"A"
"2022-09";"90.6";"A";"90.6";"A";"90.6";"A";"90.6";"A";"90.6";"A";"90.6";"A";"90.6";"A";"90.6";"A";"90.6";"A";"90.6";"A";"90.6";"A";"90.6";"A";"90.6";"A";"90.6";"A"
"2022-08";"99.4";"A";"99.4";"A";"99.4";"A";"99.4";"A";"99.4";"A";"99.4";"A";"99.4";"A";"99.4";"A";"99.4";"A";"99.4";"A";"99.4";"A";"99.4";"A";"99.4";"A";"99.4";"A"
"2022-07";"109.9";"A";"109.9";"A";"109.9";"A";"109.9";"A";"109.9";"A";"109.9";"A";"109.9";"A";"109.9";"A";"109.9";"A";"109.9";"A";"109.9";"A";"109.9";"A";"109.9";"A";"109.9";"A"
"2022-06";"115.5";"A";"115.5";"A";"115.5";"A";"115.5";"A";"115.5";"A";"115.5";"A";"115.5";"A";"115.5";"A";"115.5";"A";"115.5";"A";"115.5";"A";"115.5";"A";"115.5";"A";"115.5";"A"
"2022-05";"106.9";"A";"106.9";"A";"106.9";"A";"106.9";"A";"106.9";"A";"106.9";"A";"106.9";"A";"106.9";"A";"106.9";"A";"106.9";"A";"106.9";"A";"106.9";"A";"106.9";"A";"106.9";"A"
"2022-04";"96.7";"A";"96.7";"A";"96.7";"A";"96.7";"A";"96.7";"A";"96.7";"A";"96.7";"A";"96.7";"A";"96.7";"A";"96.7";"A";"96.7";"A";"96.7";"A";"96.7";"A";"96.7";"A"
"2022-03";"106.4";"A";"106.4";"A";"106.4";"A";"106.4";"A";"106.4";"A";"106.4";"A";"106.4";"A";"106.4";"A";"106.4";"A";"106.4";"A";"106.4";"A";"106.4";"A";"106.4";"A";"106.4";"A"
"2022-02";"85.4";"A";"85.4";"A";"85.4";"A";"85.4";"A";"85.4";"A";"85.4";"A";"85.4";"A";"85.4";"A";"85.4";"A";"85.4";"A";"85.4";"A";"85.4";"A";"85.4";"A";"85.4";"A"
"2022-01";"76.5";"A";"76.5";"A";"76.5";"A";"76.5";"A";"76.5";"A";"76.5";"A";"76.5";"A";"76.5";"A";"76.5";"A";"76.5";"A";"76.5";"A";"76.5";"A";"76.5";"A";"76.5";"A"
"2021-12";"65.8";"A";"65.8";"A";"65.8";"A";"65.8";"A";"65.8";"A";"65.8";"A";"65.8";"A";"65.8";"A";"65.8";"A";"65.8";"A";"65.8";"A";"65.8";"A";"65.8";"A";"65.8";"A"
"2021-11";"71.0";"A";"71.0";"A";"71.0";"A";"71.0";"A";"71.0";"A";"71.0";"A";"71.0";"A";"71.0";"A";"71.0";"A";"71.0";"A";"71.0";"A";"71.0";"A";"71.0";"A";"71.0";"A"
"2021-10";"72.0";"A";"72.0";"A";"72.0";"A";"72.0";"A";"72.0";"A";"72.0";"A";"72.0";"A";"72.0";"A";"72.0";"A";"72.0";"A";"72.0";"A";"72.0";"A";"72.0";"A";"72.0";"A"
"2021-09";"63.3";"A";"63.3";"A";"63.3";"A";"63.3";"A";"63.3";"A";"63.3";"A";"63.3";"A";"63.3";"A";"63.3";"A";"63.3";"A";"63.3";"A";"63.3";"A";"63.3";"A";"63.3";"A"
"2021-08";"60.2";"A";"60.2";"A";"60.2";"A";"60.2";"A";"60.2";"A";"60.2";"A";"60.2";"A";"60.2";"A";"60.2";"A";"60.2";"A";"60.2";"A";"60.2";"A";"60.2";"A";"60.2";"A"
"2021-07";"63.5";"A";"63.5";"A";"63.5";"A";"63.5";"A";"63.5";"A";"63.5";"A";"63.5";"A";"63.5";"A";"63.5";"A";"63.5";"A";"63.5";"A";"63.5";"A";"63.5";"A";"63.5";"A"
"2021-06";"60.8";"A";"60.8";"A";"60.8";"A";"60.8";"A";"60.8";"A";"60.8";"A";"60.8";"A";"60.8";"A";"60.8";"A";"60.8";"A";"60.8";"A";"60.8";"A";"60.8";"A";"60.8";"A"
"2021-05";"56.4";"A";"56.4";"A";"56.4";"A";"56.4";"A";"56.4";"A";"56.4";"A";"56.4";"A";"56.4";"A";"56.4";"A";"56.4";"A";"56.4";"A";"56.4";"A";"56.4";"A";"56.4";"A"
"2021-04";"54.1";"A";"54.1";"A";"54.1";"A";"54.1";"A";"54.1";"A";"54.1";"A";"54.1";"A";"54.1";"A";"54.1";"A";"54.1";"A";"54.1";"A";"54.1";"A";"54.1";"A";"54.1";"A"
"2021-03";"55.0";"A";"55.0";"A";"55.0";"A";"55.0";"A";"55.0";"A";"55.0";"A";"55.0";"A";"55.0";"A";"55.0";"A";"55.0";"A";"55.0";"A";"55.0";"A";"55.0";"A";"55.0";"A"
"2021-02";"51.5";"A";"51.5";"A";"51.5";"A";"51.5";"A";"51.5";"A";"51.5";"A";"51.5";"A";"51.5";"A";"51.5";"A";"51.5";"A";"51.5";"A";"51.5";"A";"51.5";"A";"51.5";"A"
"2021-01";"45.0";"A";"45.0";"A";"45.0";"A";"45.0";"A";"45.0";"A";"45.0";"A";"45.0";"A";"45.0";"A";"45.0";"A";"45.0";"A";"45.0";"A";"45.0";"A";"45.0";"A";"45.0";"A"
"2020-12";"41.1";"A";"41.1";"A";"41.1";"A";"41.1";"A";"41.1";"A";"41.1";"A";"41.1";"A";"41.1";"A";"41.1";"A";"41.1";"A";"41.1";"A";"41.1";"A";"41.1";"A";"41.1";"A"
"2020-11";"36.1";"A";"36.1";"A";"36.1";"A";"36.1";"A";"36.1";"A";"36.1";"A";"36.1";"A";"36.1";"A";"36.1";"A";"36.1";"A";"36.1";"A";"36.1";"A";"36.1";"A";"36.1";"A"
"2020-10";"34.1";"A";"34.1";"A";"34.1";"A";"34.1";"A";"34.1";"A";"34.1";"A";"34.1";"A";"34.1";"A";"34.1";"A";"34.1";"A";"34.1";"A";"34.1";"A";"34.1";"A";"34.1";"A"
"2020-09";"34.7";"A";"34.7";"A";"34.7";"A";"34.7";"A";"34.7";"A";"34.7";"A";"34.7";"A";"34.7";"A";"34.7";"A";"34.7";"A";"34.7";"A";"34.7";"A";"34.7";"A";"34.7";"A"
"2020-08";"37.8";"A";"37.8";"A";"37.8";"A";"37.8";"A";"37.8";"A";"37.8";"A";"37.8";"A";"37.8";"A";"37.8";"A";"37.8";"A";"37.8";"A";"37.8";"A";"37.8";"A";"37.8";"A"
"2020-07";"37.7";"A";"37.7";"A";"37.7";"A";"37.7";"A";"37.7";"A";"37.7";"A";"37.7";"A";"37.7";"A";"37.7";"A";"37.7";"A";"37.7";"A";"37.7";"A";"37.7";"A";"37.7";"A"
"2020-06";"35.8";"A";"35.8";"A";"35.8";"A";"35.8";"A";"35.8";"A";"35.8";"A";"35.8";"A";"35.8";"A";"35.8";"A";"35.8";"A";"35.8";"A";"35.8";"A";"35.8";"A";"35.8";"A"
"2020-05";"27.5";"A";"27.5";"A";"27.5";"A";"27.5";"A";"27.5";"A";"27.5";"A";"27.5";"A";"27.5";"A";"27.5";"A";"27.5";"A";"27.5";"A";"27.5";"A";"27.5";"A";"27.5";"A"
"2020-04";"16.9";"A";"16.9";"A";"16.9";"A";"16.9";"A";"16.9";"A";"16.9";"A";"16.9";"A";"16.9";"A";"16.9";"A";"16.9";"A";"16.9";"A";"16.9";"A";"16.9";"A";"16.9";"A"
"2020-03";"28.8";"A";"28.8";"A";"28.8";"A";"28.8";"A";"28.8";"A";"28.8";"A";"28.8";"A";"28.8";"A";"28.8";"A";"28.8";"A";"28.8";"A";"28.8";"A";"28.8";"A";"28.8";"A"
"2020-02";"51.1";"A";"51.1";"A";"51.1";"A";"51.1";"A";"51.1";"A";"51.1";"A";"51.1";"A";"51.1";"A";"51.1";"A";"51.1";"A";"51.1";"A";"51.1";"A";"51.1";"A";"51.1";"A"
"2020-01";"57.3";"A";"57.3";"A";"57.3";"A";"57.3";"A";"57.3";"A";"57.3";"A";"57.3";"A";"57.3";"A";"57.3";"A";"57.3";"A";"57.3";"A";"57.3";"A";"57.3";"A";"57.3";"A"
"2019-12";"60.4";"A";"60.4";"A";"60.4";"A";"60.4";"A";"60.4";"A";"60.4";"A";"60.4";"A";"60.4";"A";"60.4";"A";"60.4";"A";"60.4";"A";"60.4";"A";"60.4";"A";"60.4";"A"
"2019-11";"57.2";"A";"57.2";"A";"57.2";"A";"57.2";"A";"57.2";"A";"57.2";"A";"57.2";"A";"57.2";"A";"57.2";"A";"57.2";"A";"57.2";"A";"57.2";"A";"57.2";"A";"57.2";"A"
"2019-10";"54.0";"A";"54.0";"A";"54.0";"A";"54.0";"A";"54.0";"A";"54.0";"A";"54.0";"A";"54.0";"A";"54.0";"A";"54.0";"A";"54.0";"A";"54.0";"A";"54.0";"A";"54.0";"A"
"2019-09";"57.1";"A";"57.1";"A";"57.1";"A";"57.1";"A";"57.1";"A";"57.1";"A";"57.1";"A";"57.1";"A";"57.1";"A";"57.1";"A";"57.1";"A";"57.1";"A";"57.1";"A";"57.1";"A"
"2019-08";"53.1";"A";"53.1";"A";"53.1";"A";"53.1";"A";"53.1";"A";"53.1";"A";"53.1";"A";"53.1";"A";"53.1";"A";"53.1";"A";"53.1";"A";"53.1";"A";"53.1";"A";"53.1";"A"
"2019-07";"57.0";"A";"57.0";"A";"57.0";"A";"57.0";"A";"57.0";"A";"57.0";"A";"57.0";"A";"57.0";"A";"57.0";"A";"57.0";"A";"57.0";"A";"57.0";"A";"57.0";"A";"57.0";"A"
"2019-06";"56.9";"A";"56.9";"A";"56.9";"A";"56.9";"A";"56.9";"A";"56.9";"A";"56.9";"A";"56.9";"A";"56.9";"A";"56.9";"A";"56.9";"A";"56.9";"A";"56.9";"A";"56.9";"A"
"2019-05";"63.6";"A";"63.6";"A";"63.6";"A";"63.6";"A";"63.6";"A";"63.6";"A";"63.6";"A";"63.6";"A";"63.6";"A";"63.6";"A";"63.6";"A";"63.6";"A";"63.6";"A";"63.6";"A"
"2019-04";"63.4";"A";"63.4";"A";"63.4";"A";"63.4";"A";"63.4";"A";"63.4";"A";"63.4";"A";"63.4";"A";"63.4";"A";"63.4";"A";"63.4";"A";"63.4";"A";"63.4";"A";"63.4";"A"
"2019-03";"58.5";"A";"58.5";"A";"58.5";"A";"58.5";"A";"58.5";"A";"58.5";"A";"58.5";"A";"58.5";"A";"58.5";"A";"58.5";"A";"58.5";"A";"58.5";"A";"58.5";"A";"58.5";"A"
"2019-02";"56.4";"A";"56.4";"A";"56.4";"A";"56.4";"A";"56.4";"A";"56.4";"A";"56.4";"A";"56.4";"A";"56.4";"A";"56.4";"A";"56.4";"A";"56.4";"A";"56.4";"A";"56.4";"A"
"2019-01";"52.0";"A";"52.0";"A";"52.0";"A";"52.0";"A";"52.0";"A";"52.0";"A";"52.0";"A";"52.0";"A";"52.0";"A";"52.0";"A";"52.0";"A";"52.0";"A";"52.0";"A";"52.0";"A"
"2018-12";"49.8";"A";"49.8";"A";"49.8";"A";"49.8";"A";"49.8";"A";"49.8";"A";"49.8";"A";"49.8";"A";"49.8";"A";"49.8";"A";"49.8";"A";"49.8";"A";"49.8";"A";"49.8";"A"
"2018-11";"57.0";"A";"57.0";"A";"57.0";"A";"57.0";"A";"57.0";"A";"57.0";"A";"57.0";"A";"57.0";"A";"57.0";"A";"57.0";"A";"57.0";"A";"57.0";"A";"57.0";"A";"57.0";"A"
"2018-10";"70.6";"A";"70.6";"A";"70.6";"A";"70.6";"A";"70.6";"A";"70.6";"A";"70.6";"A";"70.6";"A";"70.6";"A";"70.6";"A";"70.6";"A";"70.6";"A";"70.6";"A";"70.6";"A"
"2018-09";"67.7";"A";"67.7";"A";"67.7";"A";"67.7";"A";"67.7";"A";"67.7";"A";"67.7";"A";"67.7";"A";"67.7";"A";"67.7";"A";"67.7";"A";"67.7";"A";"67.7";"A";"67.7";"A"
"2018-08";"62.8";"A";"62.8";"A";"62.8";"A";"62.8";"A";"62.8";"A";"62.8";"A";"62.8";"A";"62.8";"A";"62.8";"A";"62.8";"A";"62.8";"A";"62.8";"A";"62.8";"A";"62.8";"A"
"2018-07";"63.5";"A";"63.5";"A";"63.5";"A";"63.5";"A";"63.5";"A";"63.5";"A";"63.5";"A";"63.5";"A";"63.5";"A";"63.5";"A";"63.5";"A";"63.5";"A";"63.5";"A";"63.5";"A"
"2018-06";"63.7";"A";"63.7";"A";"63.7";"A";"63.7";"A";"63.7";"A";"63.7";"A";"63.7";"A";"63.7";"A";"63.7";"A";"63.7";"A";"63.7";"A";"63.7";"A";"63.7";"A";"63.7";"A"
"2018-05";"65.2";"A";"65.2";"A";"65.2";"A";"65.2";"A";"65.2";"A";"65.2";"A";"65.2";"A";"65.2";"A";"65.2";"A";"65.2";"A";"65.2";"A";"65.2";"A";"65.2";"A";"65.2";"A"
"2018-04";"58.7";"A";"58.7";"A";"58.7";"A";"58.7";"A";"58.7";"A";"58.7";"A";"58.7";"A";"58.7";"A";"58.7";"A";"58.7";"A";"58.7";"A";"58.7";"A";"58.7";"A";"58.7";"A"
"2018-03";"53.5";"A";"53.5";"A";"53.5";"A";"53.5";"A";"53.5";"A";"53.5";"A";"53.5";"A";"53.5";"A";"53.5";"A";"53.5";"A";"53.5";"A";"53.5";"A";"53.5";"A";"53.5";"A"
"2018-02";"52.9";"A";"52.9";"A";"52.9";"A";"52.9";"A";"52.9";"A";"52.9";"A";"52.9";"A";"52.9";"A";"52.9";"A";"52.9";"A";"52.9";"A";"52.9";"A";"52.9";"A";"52.9";"A"
"2018-01";"56.6";"A";"56.6";"A";"56.6";"A";"56.6";"A";"56.6";"A";"56.6";"A";"56.6";"A";"56.6";"A";"56.6";"A";"56.6";"A";"56.6";"A";"56.6";"A";"56.6";"A";"56.6";"A"
"2017-12";"54.4";"A";"54.4";"A";"54.4";"A";"54.4";"A";"54.4";"A";"54.4";"A";"54.4";"A";"54.4";"A";"54.4";"A";"54.4";"A";"54.4";"A";"54.4";"A";"54.4";"A";"54.4";"A"
"2017-11";"53.4";"A";"53.4";"A";"53.4";"A";"53.4";"A";"53.4";"A";"53.4";"A";"53.4";"A";"53.4";"A";"53.4";"A";"53.4";"A";"53.4";"A";"53.4";"A";"53.4";"A";"53.4";"A"
"2017-10";"48.9";"A";"48.9";"A";"48.9";"A";"48.9";"A";"48.9";"A";"48.9";"A";"48.9";"A";"48.9";"A";"48.9";"A";"48.9";"A";"48.9";"A";"48.9";"A";"48.9";"A";"48.9";"A"
"2017-09";"46.6";"A";"46.6";"A";"46.6";"A";"46.6";"A";"46.6";"A";"46.6";"A";"46.6";"A";"46.6";"A";"46.6";"A";"46.6";"A";"46.6";"A";"46.6";"A";"46.6";"A";"46.6";"A"
"2017-08";"44.0";"A";"44.0";"A";"44.0";"A";"44.0";"A";"44.0";"A";"44.0";"A";"44.0";"A";"44.0";"A";"44.0";"A";"44.0";"A";"44.0";"A";"44.0";"A";"44.0";"A";"44.0";"A"
"2017-07";"42.6";"A";"42.6";"A";"42.6";"A";"42.6";"A";"42.6";"A";"42.6";"A";"42.6";"A";"42.6";"A";"42.6";"A";"42.6";"A";"42.6";"A";"42.6";"A";"42.6";"A";"42.6";"A"
"2017-06";"42.4";"A";"42.4";"A";"42.4";"A";"42.4";"A";"42.4";"A";"42.4";"A";"42.4";"A";"42.4";"A";"42.4";"A";"42.4";"A";"42.4";"A";"42.4";"A";"42.4";"A";"42.4";"A"
"2017-05";"46.5";"A";"46.5";"A";"46.5";"A";"46.5";"A";"46.5";"A";"46.5";"A";"46.5";"A";"46.5";"A";"46.5";"A";"46.5";"A";"46.5";"A";"46.5";"A";"46.5";"A";"46.5";"A"
"2017-04";"50.1";"A";"50.1";"A";"50.1";"A";"50.1";"A";"50.1";"A";"50.1";"A";"50.1";"A";"50.1";"A";"50.1";"A";"50.1";"A";"50.1";"A";"50.1";"A";"50.1";"A";"50.1";"A"
"2017-03";"49.2";"A";"49.2";"A";"49.2";"A";"49.2";"A";"49.2";"A";"49.2";"A";"49.2";"A";"49.2";"A";"49.2";"A";"49.2";"A";"49.2";"A";"49.2";"A";"49.2";"A";"49.2";"A"
"2017-02";"52.6";"A";"52.6";"A";"52.6";"A";"52.6";"A";"52.6";"A";"52.6";"A";"52.6";"A";"52.6";"A";"52.6";"A";"52.6";"A";"52.6";"A";"52.6";"A";"52.6";"A";"52.6";"A"
"2017-01";"52.2";"A";"52.2";"A";"52.2";"A";"52.2";"A";"52.2";"A";"52.2";"A";"52.2";"A";"52.2";"A";"52.2";"A";"52.2";"A";"52.2";"A";"52.2";"A";"52.2";"A";"52.2";"A"
"2016-12";"52.1";"A";"52.1";"A";"52.1";"A";"52.1";"A";"52.1";"A";"52.1";"A";"52.1";"A";"52.1";"A";"52.1";"A";"52.1";"A";"52.1";"A";"52.1";"A";"52.1";"A";"52.1";"A"
"2016-11";"43.7";"A";"43.7";"A";"43.7";"A";"43.7";"A";"43.7";"A";"43.7";"A";"43.7";"A";"43.7";"A";"43.7";"A";"43.7";"A";"43.7";"A";"43.7";"A";"43.7";"A";"43.7";"A"
"2016-10";"46.6";"A";"46.6";"A";"46.6";"A";"46.6";"A";"46.6";"A";"46.6";"A";"46.6";"A";"46.6";"A";"46.6";"A";"46.6";"A";"46.6";"A";"46.6";"A";"46.6";"A";"46.6";"A"
"2016-09";"42.5";"A";"42.5";"A";"42.5";"A";"42.5";"A";"42.5";"A";"42.5";"A";"42.5";"A";"42.5";"A";"42.5";"A";"42.5";"A";"42.5";"A";"42.5";"A";"42.5";"A";"42.5";"A"
"2016-08";"41.8";"A";"41.8";"A";"41.8";"A";"41.8";"A";"41.8";"A";"41.8";"A";"41.8";"A";"41.8";"A";"41.8";"A";"41.8";"A";"41.8";"A";"41.8";"A";"41.8";"A";"41.8";"A"
"2016-07";"41.0";"A";"41.0";"A";"41.0";"A";"41.0";"A";"41.0";"A";"41.0";"A";"41.0";"A";"41.0";"A";"41.0";"A";"41.0";"A";"41.0";"A";"41.0";"A";"41.0";"A";"41.0";"A"
"2016-06";"43.0";"A";"43.0";"A";"43.0";"A";"43.0";"A";"43.0";"A";"43.0";"A";"43.0";"A";"43.0";"A";"43.0";"A";"43.0";"A";"43.0";"A";"43.0";"A";"43.0";"A";"43.0";"A"
"2016-05";"41.3";"A";"41.3";"A";"41.3";"A";"41.3";"A";"41.3";"A";"41.3";"A";"41.3";"A";"41.3";"A";"41.3";"A";"41.3";"A";"41.3";"A";"41.3";"A";"41.3";"A";"41.3";"A"
"2016-04";"36.7";"A";"36.7";"A";"36.7";"A";"36.7";"A";"36.7";"A";"36.7";"A";"36.7";"A";"36.7";"A";"36.7";"A";"36.7";"A";"36.7";"A";"36.7";"A";"36.7";"A";"36.7";"A"
"2016-03";"34.4";"A";"34.4";"A";"34.4";"A";"34.4";"A";"34.4";"A";"34.4";"A";"34.4";"A";"34.4";"A";"34.4";"A";"34.4";"A";"34.4";"A";"34.4";"A";"34.4";"A";"34.4";"A"
"2016-02";"29.0";"A";"29.0";"A";"29.0";"A";"29.0";"A";"29.0";"A";"29.0";"A";"29.0";"A";"29.0";"A";"29.0";"A";"29.0";"A";"29.0";"A";"29.0";"A";"29.0";"A";"29.0";"A"
"2016-01";"28.3";"A";"28.3";"A";"28.3";"A";"28.3";"A";"28.3";"A";"28.3";"A";"28.3";"A";"28.3";"A";"28.3";"A";"28.3";"A";"28.3";"A";"28.3";"A";"28.3";"A";"28.3";"A"
"2015-12";"35.0";"A";"35.0";"A";"35.0";"A";"35.0";"A";"35.0";"A";"35.0";"A";"35.0";"A";"35.0";"A";"35.0";"A";"35.0";"A";"35.0";"A";"35.0";"A";"35.0";"A";"35.0";"A"
"2015-11";"41.2";"A";"41.2";"A";"41.2";"A";"41.2";"A";"41.2";"A";"41.2";"A";"41.2";"A";"41.2";"A";"41.2";"A";"41.2";"A";"41.2";"A";"41.2";"A";"41.2";"A";"41.2";"A"
"2015-10";"43.1";"A";"43.1";"A";"43.1";"A";"43.1";"A";"43.1";"A";"43.1";"A";"43.1";"A";"43.1";"A";"43.1";"A";"43.1";"A";"43.1";"A";"43.1";"A";"43.1";"A";"43.1";"A"
"2015-09";"42.4";"A";"42.4";"A";"42.4";"A";"42.4";"A";"42.4";"A";"42.4";"A";"42.4";"A";"42.4";"A";"42.4";"A";"42.4";"A";"42.4";"A";"42.4";"A";"42.4";"A";"42.4";"A"
"2015-08";"41.9";"A";"41.9";"A";"41.9";"A";"41.9";"A";"41.9";"A";"41.9";"A";"41.9";"A";"41.9";"A";"41.9";"A";"41.9";"A";"41.9";"A";"41.9";"A";"41.9";"A";"41.9";"A"
"2015-07";"51.4";"A";"51.4";"A";"51.4";"A";"51.4";"A";"51.4";"A";"51.4";"A";"51.4";"A";"51.4";"A";"51.4";"A";"51.4";"A";"51.4";"A";"51.4";"A";"51.4";"A";"51.4";"A"
"2015-06";"54.8";"A";"54.8";"A";"54.8";"A";"54.8";"A";"54.8";"A";"54.8";"A";"54.8";"A";"54.8";"A";"54.8";"A";"54.8";"A";"54.8";"A";"54.8";"A";"54.8";"A";"54.8";"A"
"2015-05";"57.5";"A";"57.5";"A";"57.5";"A";"57.5";"A";"57.5";"A";"57.5";"A";"57.5";"A";"57.5";"A";"57.5";"A";"57.5";"A";"57.5";"A";"57.5";"A";"57.5";"A";"57.5";"A"
"2015-04";"55.4";"A";"55.4";"A";"55.4";"A";"55.4";"A";"55.4";"A";"55.4";"A";"55.4";"A";"55.4";"A";"55.4";"A";"55.4";"A";"55.4";"A";"55.4";"A";"55.4";"A";"55.4";"A"
"2015-03";"52.8";"A";"52.8";"A";"52.8";"A";"52.8";"A";"52.8";"A";"52.8";"A";"52.8";"A";"52.8";"A";"52.8";"A";"52.8";"A";"52.8";"A";"52.8";"A";"52.8";"A";"52.8";"A"
"2015-02";"51.3";"A";"51.3";"A";"51.3";"A";"51.3";"A";"51.3";"A";"51.3";"A";"51.3";"A";"51.3";"A";"51.3";"A";"51.3";"A";"51.3";"A";"51.3";"A";"51.3";"A";"51.3";"A"
"2015-01";"43.1";"A";"43.1";"A";"43.1";"A";"43.1";"A";"43.1";"A";"43.1";"A";"43.1";"A";"43.1";"A";"43.1";"A";"43.1";"A";"43.1";"A";"43.1";"A";"43.1";"A";"43.1";"A"
"2014-12";"52.2";"A";"52.2";"A";"52.2";"A";"52.2";"A";"52.2";"A";"52.2";"A";"52.2";"A";"52.2";"A";"52.2";"A";"52.2";"A";"52.2";"A";"52.2";"A";"52.2";"A";"52.2";"A"
"2014-11";"64.8";"A";"64.8";"A";"64.8";"A";"64.8";"A";"64.8";"A";"64.8";"A";"64.8";"A";"64.8";"A";"64.8";"A";"64.8";"A";"64.8";"A";"64.8";"A";"64.8";"A";"64.8";"A"
"2014-10";"70.0";"A";"70.0";"A";"70.0";"A";"70.0";"A";"70.0";"A";"70.0";"A";"70.0";"A";"70.0";"A";"70.0";"A";"70.0";"A";"70.0";"A";"70.0";"A";"70.0";"A";"70.0";"A"
"2014-09";"76.7";"A";"76.7";"A";"76.7";"A";"76.7";"A";"76.7";"A";"76.7";"A";"76.7";"A";"76.7";"A";"76.7";"A";"76.7";"A";"76.7";"A";"76.7";"A";"76.7";"A";"76.7";"A"
"2014-08";"77.7";"A";"77.7";"A";"77.7";"A";"77.7";"A";"77.7";"A";"77.7";"A";"77.7";"A";"77.7";"A";"77.7";"A";"77.7";"A";"77.7";"A";"77.7";"A";"77.7";"A";"77.7";"A"
"2014-07";"80.2";"A";"80.2";"A";"80.2";"A";"80.2";"A";"80.2";"A";"80.2";"A";"80.2";"A";"80.2";"A";"80.2";"A";"80.2";"A";"80.2";"A";"80.2";"A";"80.2";"A";"80.2";"A"
"2014-06";"82.3";"A";"82.3";"A";"82.3";"A";"82.3";"A";"82.3";"A";"82.3";"A";"82.3";"A";"82.3";"A";"82.3";"A";"82.3";"A";"82.3";"A";"82.3";"A";"82.3";"A";"82.3";"A"
"2014-05";"79.6";"A";"79.6";"A";"79.6";"A";"79.6";"A";"79.6";"A";"79.6";"A";"79.6";"A";"79.6";"A";"79.6";"A";"79.6";"A";"79.6";"A";"79.6";"A";"79.6";"A";"79.6";"A"
"2014-04";"78.1";"A";"78.1";"A";"78.1";"A";"78.1";"A";"78.1";"A";"78.1";"A";"78.1";"A";"78.1";"A";"78.1";"A";"78.1";"A";"78.1";"A";"78.1";"A";"78.1";"A";"78.1";"A"
"2014-03";"78.0";"A";"78.0";"A";"78.0";"A";"78.0";"A";"78.0";"A";"78.0";"A";"78.0";"A";"78.0";"A";"78.0";"A";"78.0";"A";"78.0";"A";"78.0";"A";"78.0";"A";"78.0";"A"
"2014-02";"79.6";"A";"79.6";"A";"79.6";"A";"79.6";"A";"79.6";"A";"79.6";"A";"79.6";"A";"79.6";"A";"79.6";"A";"79.6";"A";"79.6";"A";"79.6";"A";"79.6";"A";"79.6";"A"
"2014-01";"79.0";"A";"79.0";"A";"79.0";"A";"79.0";"A";"79.0";"A";"79.0";"A";"79.0";"A";"79.0";"A";"79.0";"A";"79.0";"A";"79.0";"A";"79.0";"A";"79.0";"A";"79.0";"A"
"2013-12";"80.7";"A";"80.7";"A";"80.7";"A";"80.7";"A";"80.7";"A";"80.7";"A";"80.7";"A";"80.7";"A";"80.7";"A";"80.7";"A";"80.7";"A";"80.7";"A";"80.7";"A";"80.7";"A"
"2013-11";"79.9";"A";"79.9";"A";"79.9";"A";"79.9";"A";"79.9";"A";"79.9";"A";"79.9";"A";"79.9";"A";"79.9";"A";"79.9";"A";"79.9";"A";"79.9";"A";"79.9";"A";"79.9";"A"
"2013-10";"80.2";"A";"80.2";"A";"80.2";"A";"80.2";"A";"80.2";"A";"80.2";"A";"80.2";"A";"80.2";"A";"80.2";"A";"80.2";"A";"80.2";"A";"80.2";"A";"80.2";"A";"80.2";"A"
"2013-09";"83.6";"A";"83.6";"A";"83.6";"A";"83.6";"A";"83.6";"A";"83.6";"A";"83.6";"A";"83.6";"A";"83.6";"A";"83.6";"A";"83.6";"A";"83.6";"A";"83.6";"A";"83.6";"A"
"2013-08";"82.8";"A";"82.8";"A";"82.8";"A";"82.8";"A";"82.8";"A";"82.8";"A";"82.8";"A";"82.8";"A";"82.8";"A";"82.8";"A";"82.8";"A";"82.8";"A";"82.8";"A";"82.8";"A"
"2013-07";"82.3";"A";"82.3";"A";"82.3";"A";"82.3";"A";"82.3";"A";"82.3";"A";"82.3";"A";"82.3";"A";"82.3";"A";"82.3";"A";"82.3";"A";"82.3";"A";"82.3";"A";"82.3";"A"
"2013-06";"78.0";"A";"78.0";"A";"78.0";"A";"78.0";"A";"78.0";"A";"78.0";"A";"78.0";"A";"78.0";"A";"78.0";"A";"78.0";"A";"78.0";"A";"78.0";"A";"78.0";"A";"78.0";"A"
"2013-05";"79.4";"A";"79.4";"A";"79.4";"A";"79.4";"A";"79.4";"A";"79.4";"A";"79.4";"A";"79.4";"A";"79.4";"A";"79.4";"A";"79.4";"A";"79.4";"A";"79.4";"A";"79.4";"A"
"2013-04";"79.5";"A";"79.5";"A";"79.5";"A";"79.5";"A";"79.5";"A";"79.5";"A";"79.5";"A";"79.5";"A";"79.5";"A";"79.5";"A";"79.5";"A";"79.5";"A";"79.5";"A";"79.5";"A"
"2013-03";"84.6";"A";"84.6";"A";"84.6";"A";"84.6";"A";"84.6";"A";"84.6";"A";"84.6";"A";"84.6";"A";"84.6";"A";"84.6";"A";"84.6";"A";"84.6";"A";"84.6";"A";"84.6";"A"
"2013-02";"87.1";"A";"87.1";"A";"87.1";"A";"87.1";"A";"87.1";"A";"87.1";"A";"87.1";"A";"87.1";"A";"87.1";"A";"87.1";"A";"87.1";"A";"87.1";"A";"87.1";"A";"87.1";"A"
"2013-01";"84.3";"A";"84.3";"A";"84.3";"A";"84.3";"A";"84.3";"A";"84.3";"A";"84.3";"A";"84.3";"A";"84.3";"A";"84.3";"A";"84.3";"A";"84.3";"A";"84.3";"A";"84.3";"A"
"2012-12";"83.3";"A";"83.3";"A";"83.3";"A";"83.3";"A";"83.3";"A";"83.3";"A";"83.3";"A";"83.3";"A";"83.3";"A";"83.3";"A";"83.3";"A";"83.3";"A";"83.3";"A";"83.3";"A"
"2012-11";"85.2";"A";"85.2";"A";"85.2";"A";"85.2";"A";"85.2";"A";"85.2";"A";"85.2";"A";"85.2";"A";"85.2";"A";"85.2";"A";"85.2";"A";"85.2";"A";"85.2";"A";"85.2";"A"
"2012-10";"86.2";"A";"86.2";"A";"86.2";"A";"86.2";"A";"86.2";"A";"86.2";"A";"86.2";"A";"86.2";"A";"86.2";"A";"86.2";"A";"86.2";"A";"86.2";"A";"86.2";"A";"86.2";"A"
"2012-09";"88.1";"A";"88.1";"A";"88.1";"A";"88.1";"A";"88.1";"A";"88.1";"A";"88.1";"A";"88.1";"A";"88.1";"A";"88.1";"A";"88.1";"A";"88.1";"A";"88.1";"A";"88.1";"A"
"2012-08";"90.6";"A";"90.6";"A";"90.6";"A";"90.6";"A";"90.6";"A";"90.6";"A";"90.6";"A";"90.6";"A";"90.6";"A";"90.6";"A";"90.6";"A";"90.6";"A";"90.6";"A";"90.6";"A"
"2012-07";"83.2";"A";"83.2";"A";"83.2";"A";"83.2";"A";"83.2";"A";"83.2";"A";"83.2";"A";"83.2";"A";"83.2";"A";"83.2";"A";"83.2";"A";"83.2";"A";"83.2";"A";"83.2";"A"
"2012-06";"77.0";"A";"77.0";"A";"77.0";"A";"77.0";"A";"77.0";"A";"77.0";"A";"77.0";"A";"77.0";"A";"77.0";"A";"77.0";"A";"77.0";"A";"77.0";"A";"77.0";"A";"77.0";"A"
"2012-05";"86.8";"A";"86.8";"A";"86.8";"A";"86.8";"A";"86.8";"A";"86.8";"A";"86.8";"A";"86.8";"A";"86.8";"A";"86.8";"A";"86.8";"A";"86.8";"A";"86.8";"A";"86.8";"A"
"2012-04";"91.6";"A";"91.6";"A";"91.6";"A";"91.6";"A";"91.6";"A";"91.6";"A";"91.6";"A";"91.6";"A";"91.6";"A";"91.6";"A";"91.6";"A";"91.6";"A";"91.6";"A";"91.6";"A"
"2012-03";"94.3";"A";"94.3";"A";"94.3";"A";"94.3";"A";"94.3";"A";"94.3";"A";"94.3";"A";"94.3";"A";"94.3";"A";"94.3";"A";"94.3";"A";"94.3";"A";"94.3";"A";"94.3";"A"
"2012-02";"89.4";"A";"89.4";"A";"89.4";"A";"89.4";"A";"89.4";"A";"89.4";"A";"89.4";"A";"89.4";"A";"89.4";"A";"89.4";"A";"89.4";"A";"89.4";"A";"89.4";"A";"89.4";"A"
"2012-01";"86.4";"A";"86.4";"A";"86.4";"A";"86.4";"A";"86.4";"A";"86.4";"A";"86.4";"A";"86.4";"A";"86.4";"A";"86.4";"A";"86.4";"A";"86.4";"A";"86.4";"A";"86.4";"A"
"2011-12";"82.0";"A";"82.0";"A";"82.0";"A";"82.0";"A";"82.0";"A";"82.0";"A";"82.0";"A";"82.0";"A";"82.0";"A";"82.0";"A";"82.0";"A";"82.0";"A";"82.0";"A";"82.0";"A"
"2011-11";"81.7";"A";"81.7";"A";"81.7";"A";"81.7";"A";"81.7";"A";"81.7";"A";"81.7";"A";"81.7";"A";"81.7";"A";"81.7";"A";"81.7";"A";"81.7";"A";"81.7";"A";"81.7";"A"
"2011-10";"79.2";"A";"79.2";"A";"79.2";"A";"79.2";"A";"79.2";"A";"79.2";"A";"79.2";"A";"79.2";"A";"79.2";"A";"79.2";"A";"79.2";"A";"79.2";"A";"79.2";"A";"79.2";"A"
"2011-09";"80.5";"A";"80.5";"A";"80.5";"A";"80.5";"A";"80.5";"A";"80.5";"A";"80.5";"A";"80.5";"A";"80.5";"A";"80.5";"A";"80.5";"A";"80.5";"A";"80.5";"A";"80.5";"A"
"2011-08";"76.8";"A";"76.8";"A";"76.8";"A";"76.8";"A";"76.8";"A";"76.8";"A";"76.8";"A";"76.8";"A";"76.8";"A";"76.8";"A";"76.8";"A";"76.8";"A";"76.8";"A";"76.8";"A"
"2011-07";"81.8";"A";"81.8";"A";"81.8";"A";"81.8";"A";"81.8";"A";"81.8";"A";"81.8";"A";"81.8";"A";"81.8";"A";"81.8";"A";"81.8";"A";"81.8";"A";"81.8";"A";"81.8";"A"
"2011-06";"79.2";"A";"79.2";"A";"79.2";"A";"79.2";"A";"79.2";"A";"79.2";"A";"79.2";"A";"79.2";"A";"79.2";"A";"79.2";"A";"79.2";"A";"79.2";"A";"79.2";"A";"79.2";"A"
"2011-05";"80.2";"A";"80.2";"A";"80.2";"A";"80.2";"A";"80.2";"A";"80.2";"A";"80.2";"A";"80.2";"A";"80.2";"A";"80.2";"A";"80.2";"A";"80.2";"A";"80.2";"A";"80.2";"A"
"2011-04";"85.2";"A";"85.2";"A";"85.2";"A";"85.2";"A";"85.2";"A";"85.2";"A";"85.2";"A";"85.2";"A";"85.2";"A";"85.2";"A";"85.2";"A";"85.2";"A";"85.2";"A";"85.2";"A"
"2011-03";"81.5";"A";"81.5";"A";"81.5";"A";"81.5";"A";"81.5";"A";"81.5";"A";"81.5";"A";"81.5";"A";"81.5";"A";"81.5";"A";"81.5";"A";"81.5";"A";"81.5";"A";"81.5";"A"
"2011-02";"75.5";"A";"75.5";"A";"75.5";"A";"75.5";"A";"75.5";"A";"75.5";"A";"75.5";"A";"75.5";"A";"75.5";"A";"75.5";"A";"75.5";"A";"75.5";"A";"75.5";"A";"75.5";"A"
"2011-01";"73.0";"A";"73.0";"A";"73.0";"A";"73.0";"A";"73.0";"A";"73.0";"A";"73.0";"A";"73.0";"A";"73.0";"A";"73.0";"A";"73.0";"A";"73.0";"A";"73.0";"A";"73.0";"A"
"2010-12";"69.7";"A";"69.7";"A";"69.7";"A";"69.7";"A";"69.7";"A";"69.7";"A";"69.7";"A";"69.7";"A";"69.7";"A";"69.7";"A";"69.7";"A";"69.7";"A";"69.7";"A";"69.7";"A"
"2010-11";"62.6";"A";"62.6";"A";"62.6";"A";"62.6";"A";"62.6";"A";"62.6";"A";"62.6";"A";"62.6";"A";"62.6";"A";"62.6";"A";"62.6";"A";"62.6";"A";"62.6";"A";"62.6";"A"
"2010-10";"60.2";"A";"60.2";"A";"60.2";"A";"60.2";"A";"60.2";"A";"60.2";"A";"60.2";"A";"60.2";"A";"60.2";"A";"60.2";"A";"60.2";"A";"60.2";"A";"60.2";"A";"60.2";"A"
"2010-09";"60.0";"A";"60.0";"A";"60.0";"A";"60.0";"A";"60.0";"A";"60.0";"A";"60.0";"A";"60.0";"A";"60.0";"A";"60.0";"A";"60.0";"A";"60.0";"A";"60.0";"A";"60.0";"A"
"2010-08";"60.4";"A";"60.4";"A";"60.4";"A";"60.4";"A";"60.4";"A";"60.4";"A";"60.4";"A";"60.4";"A";"60.4";"A";"60.4";"A";"60.4";"A";"60.4";"A";"60.4";"A";"60.4";"A"
"2010-07";"59.4";"A";"59.4";"A";"59.4";"A";"59.4";"A";"59.4";"A";"59.4";"A";"59.4";"A";"59.4";"A";"59.4";"A";"59.4";"A";"59.4";"A";"59.4";"A";"59.4";"A";"59.4";"A"
"2010-06";"61.4";"A";"61.4";"A";"61.4";"A";"61.4";"A";"61.4";"A";"61.4";"A";"61.4";"A";"61.4";"A";"61.4";"A";"61.4";"A";"61.4";"A";"61.4";"A";"61.4";"A";"61.4";"A"
"2010-05";"60.8";"A";"60.8";"A";"60.8";"A";"60.8";"A";"60.8";"A";"60.8";"A";"60.8";"A";"60.8";"A";"60.8";"A";"60.8";"A";"60.8";"A";"60.8";"A";"60.8";"A";"60.8";"A"
"2010-04";"63.5";"A";"63.5";"A";"63.5";"A";"63.5";"A";"63.5";"A";"63.5";"A";"63.5";"A";"63.5";"A";"63.5";"A";"63.5";"A";"63.5";"A";"63.5";"A";"63.5";"A";"63.5";"A"
"2010-03";"58.3";"A";"58.3";"A";"58.3";"A";"58.3";"A";"58.3";"A";"58.3";"A";"58.3";"A";"58.3";"A";"58.3";"A";"58.3";"A";"58.3";"A";"58.3";"A";"58.3";"A";"58.3";"A"
"2010-02";"53.8";"A";"53.8";"A";"53.8";"A";"53.8";"A";"53.8";"A";"53.8";"A";"53.8";"A";"53.8";"A";"53.8";"A";"53.8";"A";"53.8";"A";"53.8";"A";"53.8";"A";"53.8";"A"
"2010-01";"53.5";"A";"53.5";"A";"53.5";"A";"53.5";"A";"53.5";"A";"53.5";"A";"53.5";"A";"53.5";"A";"53.5";"A";"53.5";"A";"53.5";"A";"53.5";"A";"53.5";"A";"53.5";"A"
"2009-12";"50.9";"A";"50.9";"A";"50.9";"A";"50.9";"A";"50.9";"A";"50.9";"A";"50.9";"A";"50.9";"A";"50.9";"A";"50.9";"A";"50.9";"A";"50.9";"A";"50.9";"A";"50.9";"A"
"2009-11";"51.5";"A";"51.5";"A";"51.5";"A";"51.5";"A";"51.5";"A";"51.5";"A";"51.5";"A";"51.5";"A";"51.5";"A";"51.5";"A";"51.5";"A";"51.5";"A";"51.5";"A";"51.5";"A"
"2009-10";"49.1";"A";"49.1";"A";"49.1";"A";"49.1";"A";"49.1";"A";"49.1";"A";"49.1";"A";"49.1";"A";"49.1";"A";"49.1";"A";"49.1";"A";"49.1";"A";"49.1";"A";"49.1";"A"
"2009-09";"46.5";"A";"46.5";"A";"46.5";"A";"46.5";"A";"46.5";"A";"46.5";"A";"46.5";"A";"46.5";"A";"46.5";"A";"46.5";"A";"46.5";"A";"46.5";"A";"46.5";"A";"46.5";"A"
"2009-08";"51.0";"A";"51.0";"A";"51.0";"A";"51.0";"A";"51.0";"A";"51.0";"A";"51.0";"A";"51.0";"A";"51.0";"A";"51.0";"A";"51.0";"A";"51.0";"A";"51.0";"A";"51.0";"A"
"2009-07";"46.0";"A";"46.0";"A";"46.0";"A";"46.0";"A";"46.0";"A";"46.0";"A";"46.0";"A";"46.0";"A";"46.0";"A";"46.0";"A";"46.0";"A";"46.0";"A";"46.0";"A";"46.0";"A"
"2009-06";"49.2";"A";"49.2";"A";"49.2";"A";"49.2";"A";"49.2";"A";"49.2";"A";"49.2";"A";"49.2";"A";"49.2";"A";"49.2";"A";"49.2";"A";"49.2";"A";"49.2";"A";"49.2";"A"
"2009-05";"42.2";"A";"42.2";"A";"42.2";"A";"42.2";"A";"42.2";"A";"42.2";"A";"42.2";"A";"42.2";"A";"42.2";"A";"42.2";"A";"42.2";"A";"42.2";"A";"42.2";"A";"42.2";"A"
"2009-04";"38.0";"A";"38.0";"A";"38.0";"A";"38.0";"A";"38.0";"A";"38.0";"A";"38.0";"A";"38.0";"A";"38.0";"A";"38.0";"A";"38.0";"A";"38.0";"A";"38.0";"A";"38.0";"A"
"2009-03";"35.8";"A";"35.8";"A";"35.8";"A";"35.8";"A";"35.8";"A";"35.8";"A";"35.8";"A";"35.8";"A";"35.8";"A";"35.8";"A";"35.8";"A";"35.8";"A";"35.8";"A";"35.8";"A"
"2009-02";"34.2";"A";"34.2";"A";"34.2";"A";"34.2";"A";"34.2";"A";"34.2";"A";"34.2";"A";"34.2";"A";"34.2";"A";"34.2";"A";"34.2";"A";"34.2";"A";"34.2";"A";"34.2";"A"
"2009-01";"33.4";"A";"33.4";"A";"33.4";"A";"33.4";"A";"33.4";"A";"33.4";"A";"33.4";"A";"33.4";"A";"33.4";"A";"33.4";"A";"33.4";"A";"33.4";"A";"33.4";"A";"33.4";"A"
"2008-12";"30.6";"A";"30.6";"A";"30.6";"A";"30.6";"A";"30.6";"A";"30.6";"A";"30.6";"A";"30.6";"A";"30.6";"A";"30.6";"A";"30.6";"A";"30.6";"A";"30.6";"A";"30.6";"A"
"2008-11";"42.3";"A";"42.3";"A";"42.3";"A";"42.3";"A";"42.3";"A";"42.3";"A";"42.3";"A";"42.3";"A";"42.3";"A";"42.3";"A";"42.3";"A";"42.3";"A";"42.3";"A";"42.3";"A"
"2008-10";"54.2";"A";"54.2";"A";"54.2";"A";"54.2";"A";"54.2";"A";"54.2";"A";"54.2";"A";"54.2";"A";"54.2";"A";"54.2";"A";"54.2";"A";"54.2";"A";"54.2";"A";"54.2";"A"
"2008-09";"69.7";"A";"69.7";"A";"69.7";"A";"69.7";"A";"69.7";"A";"69.7";"A";"69.7";"A";"69.7";"A";"69.7";"A";"69.7";"A";"69.7";"A";"69.7";"A";"69.7";"A";"69.7";"A"
"2008-08";"76.8";"A";"76.8";"A";"76.8";"A";"76.8";"A";"76.8";"A";"76.8";"A";"76.8";"A";"76.8";"A";"76.8";"A";"76.8";"A";"76.8";"A";"76.8";"A";"76.8";"A";"76.8";"A"
"2008-07";"85.1";"A";"85.1";"A";"85.1";"A";"85.1";"A";"85.1";"A";"85.1";"A";"85.1";"A";"85.1";"A";"85.1";"A";"85.1";"A";"85.1";"A";"85.1";"A";"85.1";"A";"85.1";"A"
"2008-06";"85.7";"A";"85.7";"A";"85.7";"A";"85.7";"A";"85.7";"A";"85.7";"A";"85.7";"A";"85.7";"A";"85.7";"A";"85.7";"A";"85.7";"A";"85.7";"A";"85.7";"A";"85.7";"A"
"2008-05";"79.8";"A";"79.8";"A";"79.8";"A";"79.8";"A";"79.8";"A";"79.8";"A";"79.8";"A";"79.8";"A";"79.8";"A";"79.8";"A";"79.8";"A";"79.8";"A";"79.8";"A";"79.8";"A"
"2008-04";"70.1";"A";"70.1";"A";"70.1";"A";"70.1";"A";"70.1";"A";"70.1";"A";"70.1";"A";"70.1";"A";"70.1";"A";"70.1";"A";"70.1";"A";"70.1";"A";"70.1";"A";"70.1";"A"
"2008-03";"66.7";"A";"66.7";"A";"66.7";"A";"66.7";"A";"66.7";"A";"66.7";"A";"66.7";"A";"66.7";"A";"66.7";"A";"66.7";"A";"66.7";"A";"66.7";"A";"66.7";"A";"66.7";"A"
"2008-02";"65.2";"A";"65.2";"A";"65.2";"A";"65.2";"A";"65.2";"A";"65.2";"A";"65.2";"A";"65.2";"A";"65.2";"A";"65.2";"A";"65.2";"A";"65.2";"A";"65.2";"A";"65.2";"A"
"2008-01";"63.6";"A";"63.6";"A";"63.6";"A";"63.6";"A";"63.6";"A";"63.6";"A";"63.6";"A";"63.6";"A";"63.6";"A";"63.6";"A";"63.6";"A";"63.6";"A";"63.6";"A";"63.6";"A"
"2007-12";"63.2";"A";"63.2";"A";"63.2";"A";"63.2";"A";"63.2";"A";"63.2";"A";"63.2";"A";"63.2";"A";"63.2";"A";"63.2";"A";"63.2";"A";"63.2";"A";"63.2";"A";"63.2";"A"
"2007-11";"63.6";"A";"63.6";"A";"63.6";"A";"63.6";"A";"63.6";"A";"63.6";"A";"63.6";"A";"63.6";"A";"63.6";"A";"63.6";"A";"63.6";"A";"63.6";"A";"63.6";"A";"63.6";"A"
"2007-10";"58.0";"A";"58.0";"A";"58.0";"A";"58.0";"A";"58.0";"A";"58.0";"A";"58.0";"A";"58.0";"A";"58.0";"A";"58.0";"A";"58.0";"A";"58.0";"A";"58.0";"A";"58.0";"A"
"2007-09";"55.4";"A";"55.4";"A";"55.4";"A";"55.4";"A";"55.4";"A";"55.4";"A";"55.4";"A";"55.4";"A";"55.4";"A";"55.4";"A";"55.4";"A";"55.4";"A";"55.4";"A";"55.4";"A"
"2007-08";"52.1";"A";"52.1";"A";"52.1";"A";"52.1";"A";"52.1";"A";"52.1";"A";"52.1";"A";"52.1";"A";"52.1";"A";"52.1";"A";"52.1";"A";"52.1";"A";"52.1";"A";"52.1";"A"
"2007-07";"55.8";"A";"55.8";"A";"55.8";"A";"55.8";"A";"55.8";"A";"55.8";"A";"55.8";"A";"55.8";"A";"55.8";"A";"55.8";"A";"55.8";"A";"55.8";"A";"55.8";"A";"55.8";"A"
"2007-06";"52.9";"A";"52.9";"A";"52.9";"A";"52.9";"A";"52.9";"A";"52.9";"A";"52.9";"A";"52.9";"A";"52.9";"A";"52.9";"A";"52.9";"A";"52.9";"A";"52.9";"A";"52.9";"A"
"2007-05";"50.0";"A";"50.0";"A";"50.0";"A";"50.0";"A";"50.0";"A";"50.0";"A";"50.0";"A";"50.0";"A";"50.0";"A";"50.0";"A";"50.0";"A";"50.0";"A";"50.0";"A";"50.0";"A"
"2007-04";"49.8";"A";"49.8";"A";"49.8";"A";"49.8";"A";"49.8";"A";"49.8";"A";"49.8";"A";"49.8";"A";"49.8";"A";"49.8";"A";"49.8";"A";"49.8";"A";"49.8";"A";"49.8";"A"
"2007-03";"47.0";"A";"47.0";"A";"47.0";"A";"47.0";"A";"47.0";"A";"47.0";"A";"47.0";"A";"47.0";"A";"47.0";"A";"47.0";"A";"47.0";"A";"47.0";"A";"47.0";"A";"47.0";"A"
"2007-02";"44.2";"A";"44.2";"A";"44.2";"A";"44.2";"A";"44.2";"A";"44.2";"A";"44.2";"A";"44.2";"A";"44.2";"A";"44.2";"A";"44.2";"A";"44.2";"A";"44.2";"A";"44.2";"A"
"2007-01";"41.3";"A";"41.3";"A";"41.3";"A";"41.3";"A";"41.3";"A";"41.3";"A";"41.3";"A";"41.3";"A";"41.3";"A";"41.3";"A";"41.3";"A";"41.3";"A";"41.3";"A";"41.3";"A"
"2006-12";"47.5";"A";"47.5";"A";"47.5";"A";"47.5";"A";"47.5";"A";"47.5";"A";"47.5";"A";"47.5";"A";"47.5";"A";"47.5";"A";"47.5";"A";"47.5";"A";"47.5";"A";"47.5";"A"
"2006-11";"46.1";"A";"46.1";"A";"46.1";"A";"46.1";"A";"46.1";"A";"46.1";"A";"46.1";"A";"46.1";"A";"46.1";"A";"46.1";"A";"46.1";"A";"46.1";"A";"46.1";"A";"46.1";"A"
"2006-10";"45.8";"A";"45.8";"A";"45.8";"A";"45.8";"A";"45.8";"A";"45.8";"A";"45.8";"A";"45.8";"A";"45.8";"A";"45.8";"A";"45.8";"A";"45.8";"A";"45.8";"A";"45.8";"A"
"2006-09";"48.6";"A";"48.6";"A";"48.6";"A";"48.6";"A";"48.6";"A";"48.6";"A";"48.6";"A";"48.6";"A";"48.6";"A";"48.6";"A";"48.6";"A";"48.6";"A";"48.6";"A";"48.6";"A"
"2006-08";"57.3";"A";"57.3";"A";"57.3";"A";"57.3";"A";"57.3";"A";"57.3";"A";"57.3";"A";"57.3";"A";"57.3";"A";"57.3";"A";"57.3";"A";"57.3";"A";"57.3";"A";"57.3";"A"
"2006-07";"58.1";"A";"58.1";"A";"58.1";"A";"58.1";"A";"58.1";"A";"58.1";"A";"58.1";"A";"58.1";"A";"58.1";"A";"58.1";"A";"58.1";"A";"58.1";"A";"58.1";"A";"58.1";"A"
"2006-06";"54.2";"A";"54.2";"A";"54.2";"A";"54.2";"A";"54.2";"A";"54.2";"A";"54.2";"A";"54.2";"A";"54.2";"A";"54.2";"A";"54.2";"A";"54.2";"A";"54.2";"A";"54.2";"A"
"2006-05";"54.7";"A";"54.7";"A";"54.7";"A";"54.7";"A";"54.7";"A";"54.7";"A";"54.7";"A";"54.7";"A";"54.7";"A";"54.7";"A";"54.7";"A";"54.7";"A";"54.7";"A";"54.7";"A"
"2006-04";"57.2";"A";"57.2";"A";"57.2";"A";"57.2";"A";"57.2";"A";"57.2";"A";"57.2";"A";"57.2";"A";"57.2";"A";"57.2";"A";"57.2";"A";"57.2";"A";"57.2";"A";"57.2";"A"
"2006-03";"51.7";"A";"51.7";"A";"51.7";"A";"51.7";"A";"51.7";"A";"51.7";"A";"51.7";"A";"51.7";"A";"51.7";"A";"51.7";"A";"51.7";"A";"51.7";"A";"51.7";"A";"51.7";"A"
"2006-02";"50.4";"A";"50.4";"A";"50.4";"A";"50.4";"A";"50.4";"A";"50.4";"A";"50.4";"A";"50.4";"A";"50.4";"A";"50.4";"A";"50.4";"A";"50.4";"A";"50.4";"A";"50.4";"A"
"2006-01";"52.2";"A";"52.2";"A";"52.2";"A";"52.2";"A";"52.2";"A";"52.2";"A";"52.2";"A";"52.2";"A";"52.2";"A";"52.2";"A";"52.2";"A";"52.2";"A";"52.2";"A";"52.2";"A"
"2005-12";"48.1";"A";"48.1";"A";"48.1";"A";"48.1";"A";"48.1";"A";"48.1";"A";"48.1";"A";"48.1";"A";"48.1";"A";"48.1";"A";"48.1";"A";"48.1";"A";"48.1";"A";"48.1";"A"
"2005-11";"46.9";"A";"46.9";"A";"46.9";"A";"46.9";"A";"46.9";"A";"46.9";"A";"46.9";"A";"46.9";"A";"46.9";"A";"46.9";"A";"46.9";"A";"46.9";"A";"46.9";"A";"46.9";"A"
"2005-10";"49.0";"A";"49.0";"A";"49.0";"A";"49.0";"A";"49.0";"A";"49.0";"A";"49.0";"A";"49.0";"A";"49.0";"A";"49.0";"A";"49.0";"A";"49.0";"A";"49.0";"A";"49.0";"A"
"2005-09";"51.4";"A";"51.4";"A";"51.4";"A";"51.4";"A";"51.4";"A";"51.4";"A";"51.4";"A";"51.4";"A";"51.4";"A";"51.4";"A";"51.4";"A";"51.4";"A";"51.4";"A";"51.4";"A"
"2005-08";"52.2";"A";"52.2";"A";"52.2";"A";"52.2";"A";"52.2";"A";"52.2";"A";"52.2";"A";"52.2";"A";"52.2";"A";"52.2";"A";"52.2";"A";"52.2";"A";"52.2";"A";"52.2";"A"
"2005-07";"47.9";"A";"47.9";"A";"47.9";"A";"47.9";"A";"47.9";"A";"47.9";"A";"47.9";"A";"47.9";"A";"47.9";"A";"47.9";"A";"47.9";"A";"47.9";"A";"47.9";"A";"47.9";"A"
"2005-06";"45.0";"A";"45.0";"A";"45.0";"A";"45.0";"A";"45.0";"A";"45.0";"A";"45.0";"A";"45.0";"A";"45.0";"A";"45.0";"A";"45.0";"A";"45.0";"A";"45.0";"A";"45.0";"A"
"2005-05";"38.2";"A";"38.2";"A";"38.2";"A";"38.2";"A";"38.2";"A";"38.2";"A";"38.2";"A";"38.2";"A";"38.2";"A";"38.2";"A";"38.2";"A";"38.2";"A";"38.2";"A";"38.2";"A"
"2005-04";"40.2";"A";"40.2";"A";"40.2";"A";"40.2";"A";"40.2";"A";"40.2";"A";"40.2";"A";"40.2";"A";"40.2";"A";"40.2";"A";"40.2";"A";"40.2";"A";"40.2";"A";"40.2";"A"
"2005-03";"40.3";"A";"40.3";"A";"40.3";"A";"40.3";"A";"40.3";"A";"40.3";"A";"40.3";"A";"40.3";"A";"40.3";"A";"40.3";"A";"40.3";"A";"40.3";"A";"40.3";"A";"40.3";"A"
"2005-02";"34.8";"A";"34.8";"A";"34.8";"A";"34.8";"A";"34.8";"A";"34.8";"A";"34.8";"A";"34.8";"A";"34.8";"A";"34.8";"A";"34.8";"A";"34.8";"A";"34.8";"A";"34.8";"A"
"2005-01";"34.2";"A";"34.2";"A";"34.2";"A";"34.2";"A";"34.2";"A";"34.2";"A";"34.2";"A";"34.2";"A";"34.2";"A";"34.2";"A";"34.2";"A";"34.2";"A";"34.2";"A";"34.2";"A"
"2004-12";"29.5";"A";"29.5";"A";"29.5";"A";"29.5";"A";"29.5";"A";"29.5";"A";"29.5";"A";"29.5";"A";"29.5";"A";"29.5";"A";"29.5";"A";"29.5";"A";"29.5";"A";"29.5";"A"
"2004-11";"33.2";"A";"33.2";"A";"33.2";"A";"33.2";"A";"33.2";"A";"33.2";"A";"33.2";"A";"33.2";"A";"33.2";"A";"33.2";"A";"33.2";"A";"33.2";"A";"33.2";"A";"33.2";"A"
"2004-10";"39.8";"A";"39.8";"A";"39.8";"A";"39.8";"A";"39.8";"A";"39.8";"A";"39.8";"A";"39.8";"A";"39.8";"A";"39.8";"A";"39.8";"A";"39.8";"A";"39.8";"A";"39.8";"A"
"2004-09";"35.5";"A";"35.5";"A";"35.5";"A";"35.5";"A";"35.5";"A";"35.5";"A";"35.5";"A";"35.5";"A";"35.5";"A";"35.5";"A";"35.5";"A";"35.5";"A";"35.5";"A";"35.5";"A"
"2004-08";"35.4";"A";"35.4";"A";"35.4";"A";"35.4";"A";"35.4";"A";"35.4";"A";"35.4";"A";"35.4";"A";"35.4";"A";"35.4";"A";"35.4";"A";"35.4";"A";"35.4";"A";"35.4";"A"
"2004-07";"31.1";"A";"31.1";"A";"31.1";"A";"31.1";"A";"31.1";"A";"31.1";"A";"31.1";"A";"31.1";"A";"31.1";"A";"31.1";"A";"31.1";"A";"31.1";"A";"31.1";"A";"31.1";"A"
"2004-06";"29.0";"A";"29.0";"A";"29.0";"A";"29.0";"A";"29.0";"A";"29.0";"A";"29.0";"A";"29.0";"A";"29.0";"A";"29.0";"A";"29.0";"A";"29.0";"A";"29.0";"A";"29.0";"A"
"2004-05";"31.2";"A";"31.2";"A";"31.2";"A";"31.2";"A";"31.2";"A";"31.2";"A";"31.2";"A";"31.2";"A";"31.2";"A";"31.2";"A";"31.2";"A";"31.2";"A";"31.2";"A";"31.2";"A"
"2004-04";"27.7";"A";"27.7";"A";"27.7";"A";"27.7";"A";"27.7";"A";"27.7";"A";"27.7";"A";"27.7";"A";"27.7";"A";"27.7";"A";"27.7";"A";"27.7";"A";"27.7";"A";"27.7";"A"
"2004-03";"27.5";"A";"27.5";"A";"27.5";"A";"27.5";"A";"27.5";"A";"27.5";"A";"27.5";"A";"27.5";"A";"27.5";"A";"27.5";"A";"27.5";"A";"27.5";"A";"27.5";"A";"27.5";"A"
"2004-02";"24.3";"A";"24.3";"A";"24.3";"A";"24.3";"A";"24.3";"A";"24.3";"A";"24.3";"A";"24.3";"A";"24.3";"A";"24.3";"A";"24.3";"A";"24.3";"A";"24.3";"A";"24.3";"A"
"2004-01";"24.8";"A";"24.8";"A";"24.8";"A";"24.8";"A";"24.8";"A";"24.8";"A";"24.8";"A";"24.8";"A";"24.8";"A";"24.8";"A";"24.8";"A";"24.8";"A";"24.8";"A";"24.8";"A"
"2003-12";"24.2";"A";"24.2";"A";"24.2";"A";"24.2";"A";"24.2";"A";"24.2";"A";"24.2";"A";"24.2";"A";"24.2";"A";"24.2";"A";"24.2";"A";"24.2";"A";"24.2";"A";"24.2";"A"
"2003-11";"24.6";"A";"24.6";"A";"24.6";"A";"24.6";"A";"24.6";"A";"24.6";"A";"24.6";"A";"24.6";"A";"24.6";"A";"24.6";"A";"24.6";"A";"24.6";"A";"24.6";"A";"24.6";"A"
"2003-10";"25.3";"A";"25.3";"A";"25.3";"A";"25.3";"A";"25.3";"A";"25.3";"A";"25.3";"A";"25.3";"A";"25.3";"A";"25.3";"A";"25.3";"A";"25.3";"A";"25.3";"A";"25.3";"A"
"2003-09";"24.1";"A";"24.1";"A";"24.1";"A";"24.1";"A";"24.1";"A";"24.1";"A";"24.1";"A";"24.1";"A";"24.1";"A";"24.1";"A";"24.1";"A";"24.1";"A";"24.1";"A";"24.1";"A"
"2003-08";"26.6";"A";"26.6";"A";"26.6";"A";"26.6";"A";"26.6";"A";"26.6";"A";"26.6";"A";"26.6";"A";"26.6";"A";"26.6";"A";"26.6";"A";"26.6";"A";"26.6";"A";"26.6";"A"
"2003-07";"24.9";"A";"24.9";"A";"24.9";"A";"24.9";"A";"24.9";"A";"24.9";"A";"24.9";"A";"24.9";"A";"24.9";"A";"24.9";"A";"24.9";"A";"24.9";"A";"24.9";"A";"24.9";"A"
"2003-06";"23.6";"A";"23.6";"A";"23.6";"A";"23.6";"A";"23.6";"A";"23.6";"A";"23.6";"A";"23.6";"A";"23.6";"A";"23.6";"A";"23.6";"A";"23.6";"A";"23.6";"A";"23.6";"A"
"2003-05";"22.3";"A";"22.3";"A";"22.3";"A";"22.3";"A";"22.3";"A";"22.3";"A";"22.3";"A";"22.3";"A";"22.3";"A";"22.3";"A";"22.3";"A";"22.3";"A";"22.3";"A";"22.3";"A"
"2003-04";"22.9";"A";"22.9";"A";"22.9";"A";"22.9";"A";"22.9";"A";"22.9";"A";"22.9";"A";"22.9";"A";"22.9";"A";"22.9";"A";"22.9";"A";"22.9";"A";"22.9";"A";"22.9";"A"
"2003-03";"28.2";"A";"28.2";"A";"28.2";"A";"28.2";"A";"28.2";"A";"28.2";"A";"28.2";"A";"28.2";"A";"28.2";"A";"28.2";"A";"28.2";"A";"28.2";"A";"28.2";"A";"28.2";"A"
"2003-02";"30.4";"A";"30.4";"A";"30.4";"A";"30.4";"A";"30.4";"A";"30.4";"A";"30.4";"A";"30.4";"A";"30.4";"A";"30.4";"A";"30.4";"A";"30.4";"A";"30.4";"A";"30.4";"A"
"2003-01";"29.5";"A";"29.5";"A";"29.5";"A";"29.5";"A";"29.5";"A";"29.5";"A";"29.5";"A";"29.5";"A";"29.5";"A";"29.5";"A";"29.5";"A";"29.5";"A";"29.5";"A";"29.5";"A"
"2002-12";"27.7";"A";"27.7";"A";"27.7";"A";"27.7";"A";"27.7";"A";"27.7";"A";"27.7";"A";"27.7";"A";"27.7";"A";"27.7";"A";"27.7";"A";"27.7";"A";"27.7";"A";"27.7";"A"
"2002-11";"24.2";"A";"24.2";"A";"24.2";"A";"24.2";"A";"24.2";"A";"24.2";"A";"24.2";"A";"24.2";"A";"24.2";"A";"24.2";"A";"24.2";"A";"24.2";"A";"24.2";"A";"24.2";"A"
"2002-10";"28.0";"A";"28.0";"A";"28.0";"A";"28.0";"A";"28.0";"A";"28.0";"A";"28.0";"A";"28.0";"A";"28.0";"A";"28.0";"A";"28.0";"A";"28.0";"A";"28.0";"A";"28.0";"A"
"2002-09";"28.9";"A";"28.9";"A";"28.9";"A";"28.9";"A";"28.9";"A";"28.9";"A";"28.9";"A";"28.9";"A";"28.9";"A";"28.9";"A";"28.9";"A";"28.9";"A";"28.9";"A";"28.9";"A"
"2002-08";"27.2";"A";"27.2";"A";"27.2";"A";"27.2";"A";"27.2";"A";"27.2";"A";"27.2";"A";"27.2";"A";"27.2";"A";"27.2";"A";"27.2";"A";"27.2";"A";"27.2";"A";"27.2";"A"
"2002-07";"25.9";"A";"25.9";"A";"25.9";"A";"25.9";"A";"25.9";"A";"25.9";"A";"25.9";"A";"25.9";"A";"25.9";"A";"25.9";"A";"25.9";"A";"25.9";"A";"25.9";"A";"25.9";"A"
"2002-06";"25.2";"A";"25.2";"A";"25.2";"A";"25.2";"A";"25.2";"A";"25.2";"A";"25.2";"A";"25.2";"A";"25.2";"A";"25.2";"A";"25.2";"A";"25.2";"A";"25.2";"A";"25.2";"A"
"2002-05";"27.6";"A";"27.6";"A";"27.6";"A";"27.6";"A";"27.6";"A";"27.6";"A";"27.6";"A";"27.6";"A";"27.6";"A";"27.6";"A";"27.6";"A";"27.6";"A";"27.6";"A";"27.6";"A"
"2002-04";"28.9";"A";"28.9";"A";"28.9";"A";"28.9";"A";"28.9";"A";"28.9";"A";"28.9";"A";"28.9";"A";"28.9";"A";"28.9";"A";"28.9";"A";"28.9";"A";"28.9";"A";"28.9";"A"
"2002-03";"26.9";"A";"26.9";"A";"26.9";"A";"26.9";"A";"26.9";"A";"26.9";"A";"26.9";"A";"26.9";"A";"26.9";"A";"26.9";"A";"26.9";"A";"26.9";"A";"26.9";"A";"26.9";"A"
"2002-02";"23.1";"A";"23.1";"A";"23.1";"A";"23.1";"A";"23.1";"A";"23.1";"A";"23.1";"A";"23.1";"A";"23.1";"A";"23.1";"A";"23.1";"A";"23.1";"A";"23.1";"A";"23.1";"A"
"2002-01";"22.0";"A";"22.0";"A";"22.0";"A";"22.0";"A";"22.0";"A";"22.0";"A";"22.0";"A";"22.0";"A";"22.0";"A";"22.0";"A";"22.0";"A";"22.0";"A";"22.0";"A";"22.0";"A"
"2001-12";"20.9";"A";"20.9";"A";"20.9";"A";"20.9";"A";"20.9";"A";"20.9";"A";"20.9";"A";"20.9";"A";"20.9";"A";"20.9";"A";"20.9";"A";"20.9";"A";"20.9";"A";"20.9";"A"
"2001-11";"21.2";"A";"21.2";"A";"21.2";"A";"21.2";"A";"21.2";"A";"21.2";"A";"21.2";"A";"21.2";"A";"21.2";"A";"21.2";"A";"21.2";"A";"21.2";"A";"21.2";"A";"21.2";"A"
"2001-10";"22.7";"A";"22.7";"A";"22.7";"A";"22.7";"A";"22.7";"A";"22.7";"A";"22.7";"A";"22.7";"A";"22.7";"A";"22.7";"A";"22.7";"A";"22.7";"A";"22.7";"A";"22.7";"A"
"2001-09";"28.1";"A";"28.1";"A";"28.1";"A";"28.1";"A";"28.1";"A";"28.1";"A";"28.1";"A";"28.1";"A";"28.1";"A";"28.1";"A";"28.1";"A";"28.1";"A";"28.1";"A";"28.1";"A"
"2001-08";"28.6";"A";"28.6";"A";"28.6";"A";"28.6";"A";"28.6";"A";"28.6";"A";"28.6";"A";"28.6";"A";"28.6";"A";"28.6";"A";"28.6";"A";"28.6";"A";"28.6";"A";"28.6";"A"
"2001-07";"28.5";"A";"28.5";"A";"28.5";"A";"28.5";"A";"28.5";"A";"28.5";"A";"28.5";"A";"28.5";"A";"28.5";"A";"28.5";"A";"28.5";"A";"28.5";"A";"28.5";"A";"28.5";"A"
"2001-06";"32.5";"A";"32.5";"A";"32.5";"A";"32.5";"A";"32.5";"A";"32.5";"A";"32.5";"A";"32.5";"A";"32.5";"A";"32.5";"A";"32.5";"A";"32.5";"A";"32.5";"A";"32.5";"A"
"2001-05";"32.5";"A";"32.5";"A";"32.5";"A";"32.5";"A";"32.5";"A";"32.5";"A";"32.5";"A";"32.5";"A";"32.5";"A";"32.5";"A";"32.5";"A";"32.5";"A";"32.5";"A";"32.5";"A"
"2001-04";"28.6";"A";"28.6";"A";"28.6";"A";"28.6";"A";"28.6";"A";"28.6";"A";"28.6";"A";"28.6";"A";"28.6";"A";"28.6";"A";"28.6";"A";"28.6";"A";"28.6";"A";"28.6";"A"
"2001-03";"27.0";"A";"27.0";"A";"27.0";"A";"27.0";"A";"27.0";"A";"27.0";"A";"27.0";"A";"27.0";"A";"27.0";"A";"27.0";"A";"27.0";"A";"27.0";"A";"27.0";"A";"27.0";"A"
"2001-02";"29.8";"A";"29.8";"A";"29.8";"A";"29.8";"A";"29.8";"A";"29.8";"A";"29.8";"A";"29.8";"A";"29.8";"A";"29.8";"A";"29.8";"A";"29.8";"A";"29.8";"A";"29.8";"A"
"2001-01";"27.2";"A";"27.2";"A";"27.2";"A";"27.2";"A";"27.2";"A";"27.2";"A";"27.2";"A";"27.2";"A";"27.2";"A";"27.2";"A";"27.2";"A";"27.2";"A";"27.2";"A";"27.2";"A"
"2000-12";"28.8";"A";"28.8";"A";"28.8";"A";"28.8";"A";"28.8";"A";"28.8";"A";"28.8";"A";"28.8";"A";"28.8";"A";"28.8";"A";"28.8";"A";"28.8";"A";"28.8";"A";"28.8";"A"
"2000-11";"37.9";"A";"37.9";"A";"37.9";"A";"37.9";"A";"37.9";"A";"37.9";"A";"37.9";"A";"37.9";"A";"37.9";"A";"37.9";"A";"37.9";"A";"37.9";"A";"37.9";"A";"37.9";"A"
"2000-10";"36.1";"A";"36.1";"A";"36.1";"A";"36.1";"A";"36.1";"A";"36.1";"A";"36.1";"A";"36.1";"A";"36.1";"A";"36.1";"A";"36.1";"A";"36.1";"A";"36.1";"A";"36.1";"A"
"2000-09";"37.8";"A";"37.8";"A";"37.8";"A";"37.8";"A";"37.8";"A";"37.8";"A";"37.8";"A";"37.8";"A";"37.8";"A";"37.8";"A";"37.8";"A";"37.8";"A";"37.8";"A";"37.8";"A"
"2000-08";"32.9";"A";"32.9";"A";"32.9";"A";"32.9";"A";"32.9";"A";"32.9";"A";"32.9";"A";"32.9";"A";"32.9";"A";"32.9";"A";"32.9";"A";"32.9";"A";"32.9";"A";"32.9";"A"
"2000-07";"30.4";"A";"30.4";"A";"30.4";"A";"30.4";"A";"30.4";"A";"30.4";"A";"30.4";"A";"30.4";"A";"30.4";"A";"30.4";"A";"30.4";"A";"30.4";"A";"30.4";"A";"30.4";"A"
"2000-06";"31.3";"A";"31.3";"A";"31.3";"A";"31.3";"A";"31.3";"A";"31.3";"A";"31.3";"A";"31.3";"A";"31.3";"A";"31.3";"A";"31.3";"A";"31.3";"A";"31.3";"A";"31.3";"A"
"2000-05";"30.6";"A";"30.6";"A";"30.6";"A";"30.6";"A";"30.6";"A";"30.6";"A";"30.6";"A";"30.6";"A";"30.6";"A";"30.6";"A";"30.6";"A";"30.6";"A";"30.6";"A";"30.6";"A"
"2000-04";"24.0";"A";"24.0";"A";"24.0";"A";"24.0";"A";"24.0";"A";"24.0";"A";"24.0";"A";"24.0";"A";"24.0";"A";"24.0";"A";"24.0";"A";"24.0";"A";"24.0";"A";"24.0";"A"
"2000-03";"28.6";"A";"28.6";"A";"28.6";"A";"28.6";"A";"28.6";"A";"28.6";"A";"28.6";"A";"28.6";"A";"28.6";"A";"28.6";"A";"28.6";"A";"28.6";"A";"28.6";"A";"28.6";"A"
"2000-02";"28.2";"A";"28.2";"A";"28.2";"A";"28.2";"A";"28.2";"A";"28.2";"A";"28.2";"A";"28.2";"A";"28.2";"A";"28.2";"A";"28.2";"A";"28.2";"A";"28.2";"A";"28.2";"A"
"2000-01";"25.0";"A";"25.0";"A";"25.0";"A";"25.0";"A";"25.0";"A";"25.0";"A";"25.0";"A";"25.0";"A";"25.0";"A";"25.0";"A";"25.0";"A";"25.0";"A";"25.0";"A";"25.0";"A"
"1999-12";"25.2";"A";"25.2";"A";"25.2";"A";"25.2";"A";"25.2";"A";"25.2";"A";"25.2";"A";"25.2";"A";"25.2";"A";"25.2";"A";"25.2";"A";"25.2";"A";"25.2";"A";"25.2";"A"
"1999-11";"23.9";"A";"23.9";"A";"23.9";"A";"23.9";"A";"23.9";"A";"23.9";"A";"23.9";"A";"23.9";"A";"23.9";"A";"23.9";"A";"23.9";"A";"23.9";"A";"23.9";"A";"23.9";"A"
"1999-10";"20.5";"A";"20.5";"A";"20.5";"A";"20.5";"A";"20.5";"A";"20.5";"A";"20.5";"A";"20.5";"A";"20.5";"A";"20.5";"A";"20.5";"A";"20.5";"A";"20.5";"A";"20.5";"A"
"1999-09";"21.4";"A";"21.4";"A";"21.4";"A";"21.4";"A";"21.4";"A";"21.4";"A";"21.4";"A";"21.4";"A";"21.4";"A";"21.4";"A";"21.4";"A";"21.4";"A";"21.4";"A";"21.4";"A"
"1999-08";"19.1";"A";"19.1";"A";"19.1";"A";"19.1";"A";"19.1";"A";"19.1";"A";"19.1";"A";"19.1";"A";"19.1";"A";"19.1";"A";"19.1";"A";"19.1";"A";"19.1";"A";"19.1";"A"
"1999-07";"18.3";"A";"18.3";"A";"18.3";"A";"18.3";"A";"18.3";"A";"18.3";"A";"18.3";"A";"18.3";"A";"18.3";"A";"18.3";"A";"18.3";"A";"18.3";"A";"18.3";"A";"18.3";"A"
"1999-06";"15.1";"A";"15.1";"A";"15.1";"A";"15.1";"A";"15.1";"A";"15.1";"A";"15.1";"A";"15.1";"A";"15.1";"A";"15.1";"A";"15.1";"A";"15.1";"A";"15.1";"A";"15.1";"A"
"1999-05";"14.2";"A";"14.2";"A";"14.2";"A";"14.2";"A";"14.2";"A";"14.2";"A";"14.2";"A";"14.2";"A";"14.2";"A";"14.2";"A";"14.2";"A";"14.2";"A";"14.2";"A";"14.2";"A"
"1999-04";"14.3";"A";"14.3";"A";"14.3";"A";"14.3";"A";"14.3";"A";"14.3";"A";"14.3";"A";"14.3";"A";"14.3";"A";"14.3";"A";"14.3";"A";"14.3";"A";"14.3";"A";"14.3";"A"
"1999-03";"11.4";"A";"11.4";"A";"11.4";"A";"11.4";"A";"11.4";"A";"11.4";"A";"11.4";"A";"11.4";"A";"11.4";"A";"11.4";"A";"11.4";"A";"11.4";"A";"11.4";"A";"11.4";"A"
"1999-02";"9.2";"A";"9.2";"A";"9.2";"A";"9.2";"A";"9.2";"A";"9.2";"A";"9.2";"A";"9.2";"A";"9.2";"A";"9.2";"A";"9.2";"A";"9.2";"A";"9.2";"A";"9.2";"A"
"1999-01";"9.6";"A";"9.6";"A";"9.6";"A";"9.6";"A";"9.6";"A";"9.6";"A";"9.6";"A";"9.6";"A";"9.6";"A";"9.6";"A";"9.6";"A";"9.6";"A";"9.6";"A";"9.6";"A"
"1998-12";"8.5";"A";"8.5";"A";"8.5";"A";"8.5";"A";"8.5";"A";"8.5";"A";"8.5";"A";"8.5";"A";"8.5";"A";"8.5";"A";"8.5";"A";"8.5";"A";"8.5";"A";"8.5";"A"
"1998-11";"9.5";"A";"9.5";"A";"9.5";"A";"9.5";"A";"9.5";"A";"9.5";"A";"9.5";"A";"9.5";"A";"9.5";"A";"9.5";"A";"9.5";"A";"9.5";"A";"9.5";"A";"9.5";"A"
"1998-10";"10.7";"A";"10.7";"A";"10.7";"A";"10.7";"A";"10.7";"A";"10.7";"A";"10.7";"A";"10.7";"A";"10.7";"A";"10.7";"A";"10.7";"A";"10.7";"A";"10.7";"A";"10.7";"A"
"1998-09";"11.6";"A";"11.6";"A";"11.6";"A";"11.6";"A";"11.6";"A";"11.6";"A";"11.6";"A";"11.6";"A";"11.6";"A";"11.6";"A";"11.6";"A";"11.6";"A";"11.6";"A";"11.6";"A"
"1998-08";"10.9";"A";"10.9";"A";"10.9";"A";"10.9";"A";"10.9";"A";"10.9";"A";"10.9";"A";"10.9";"A";"10.9";"A";"10.9";"A";"10.9";"A";"10.9";"A";"10.9";"A";"10.9";"A"
"1998-07";"11.1";"A";"11.1";"A";"11.1";"A";"11.1";"A";"11.1";"A";"11.1";"A";"11.1";"A";"11.1";"A";"11.1";"A";"11.1";"A";"11.1";"A";"11.1";"A";"11.1";"A";"11.1";"A"
"1998-06";"11.0";"A";"11.0";"A";"11.0";"A";"11.0";"A";"11.0";"A";"11.0";"A";"11.0";"A";"11.0";"A";"11.0";"A";"11.0";"A";"11.0";"A";"11.0";"A";"11.0";"A";"11.0";"A"
"1998-05";"13.0";"A";"13.0";"A";"13.0";"A";"13.0";"A";"13.0";"A";"13.0";"A";"13.0";"A";"13.0";"A";"13.0";"A";"13.0";"A";"13.0";"A";"13.0";"A";"13.0";"A";"13.0";"A"
"1998-04";"12.3";"A";"12.3";"A";"12.3";"A";"12.3";"A";"12.3";"A";"12.3";"A";"12.3";"A";"12.3";"A";"12.3";"A";"12.3";"A";"12.3";"A";"12.3";"A";"12.3";"A";"12.3";"A"
"1998-03";"12.1";"A";"12.1";"A";"12.1";"A";"12.1";"A";"12.1";"A";"12.1";"A";"12.1";"A";"12.1";"A";"12.1";"A";"12.1";"A";"12.1";"A";"12.1";"A";"12.1";"A";"12.1";"A"
"1998-02";"13.0";"A";"13.0";"A";"13.0";"A";"13.0";"A";"13.0";"A";"13.0";"A";"13.0";"A";"13.0";"A";"13.0";"A";"13.0";"A";"13.0";"A";"13.0";"A";"13.0";"A";"13.0";"A"
"1998-01";"14.0";"A";"14.0";"A";"14.0";"A";"14.0";"A";"14.0";"A";"14.0";"A";"14.0";"A";"14.0";"A";"14.0";"A";"14.0";"A";"14.0";"A";"14.0";"A";"14.0";"A";"14.0";"A"
"1997-12";"15.5";"A";"15.5";"A";"15.5";"A";"15.5";"A";"15.5";"A";"15.5";"A";"15.5";"A";"15.5";"A";"15.5";"A";"15.5";"A";"15.5";"A";"15.5";"A";"15.5";"A";"15.5";"A"
"1997-11";"16.9";"A";"16.9";"A";"16.9";"A";"16.9";"A";"16.9";"A";"16.9";"A";"16.9";"A";"16.9";"A";"16.9";"A";"16.9";"A";"16.9";"A";"16.9";"A";"16.9";"A";"16.9";"A"
"1997-10";"17.8";"A";"17.8";"A";"17.8";"A";"17.8";"A";"17.8";"A";"17.8";"A";"17.8";"A";"17.8";"A";"17.8";"A";"17.8";"A";"17.8";"A";"17.8";"A";"17.8";"A";"17.8";"A"
"1997-09";"16.7";"A";"16.7";"A";"16.7";"A";"16.7";"A";"16.7";"A";"16.7";"A";"16.7";"A";"16.7";"A";"16.7";"A";"16.7";"A";"16.7";"A";"16.7";"A";"16.7";"A";"16.7";"A"
"1997-08";"17.3";"A";"17.3";"A";"17.3";"A";"17.3";"A";"17.3";"A";"17.3";"A";"17.3";"A";"17.3";"A";"17.3";"A";"17.3";"A";"17.3";"A";"17.3";"A";"17.3";"A";"17.3";"A"
"1997-07";"16.6";"A";"16.6";"A";"16.6";"A";"16.6";"A";"16.6";"A";"16.6";"A";"16.6";"A";"16.6";"A";"16.6";"A";"16.6";"A";"16.6";"A";"16.6";"A";"16.6";"A";"16.6";"A"
"1997-06";"15.5";"A";"15.5";"A";"15.5";"A";"15.5";"A";"15.5";"A";"15.5";"A";"15.5";"A";"15.5";"A";"15.5";"A";"15.5";"A";"15.5";"A";"15.5";"A";"15.5";"A";"15.5";"A"
"1997-05";"16.7";"A";"16.7";"A";"16.7";"A";"16.7";"A";"16.7";"A";"16.7";"A";"16.7";"A";"16.7";"A";"16.7";"A";"16.7";"A";"16.7";"A";"16.7";"A";"16.7";"A";"16.7";"A"
"1997-04";"15.2";"A";"15.2";"A";"15.2";"A";"15.2";"A";"15.2";"A";"15.2";"A";"15.2";"A";"15.2";"A";"15.2";"A";"15.2";"A";"15.2";"A";"15.2";"A";"15.2";"A";"15.2";"A"
"1997-03";"17.1";"A";"17.1";"A";"17.1";"A";"17.1";"A";"17.1";"A";"17.1";"A";"17.1";"A";"17.1";"A";"17.1";"A";"17.1";"A";"17.1";"A";"17.1";"A";"17.1";"A";"17.1";"A"
"1997-02";"18.3";"A";"18.3";"A";"18.3";"A";"18.3";"A";"18.3";"A";"18.3";"A";"18.3";"A";"18.3";"A";"18.3";"A";"18.3";"A";"18.3";"A";"18.3";"A";"18.3";"A";"18.3";"A"
"1997-01";"19.3";"A";"19.3";"A";"19.3";"A";"19.3";"A";"19.3";"A";"19.3";"A";"19.3";"A";"19.3";"A";"19.3";"A";"19.3";"A";"19.3";"A";"19.3";"A";"19.3";"A";"19.3";"A"
"1996-12";"19.0";"A";"19.0";"A";"19.0";"A";"19.0";"A";"19.0";"A";"19.0";"A";"19.0";"A";"19.0";"A";"19.0";"A";"19.0";"A";"19.0";"A";"19.0";"A";"19.0";"A";"19.0";"A"
"1996-11";"17.6";"A";"17.6";"A";"17.6";"A";"17.6";"A";"17.6";"A";"17.6";"A";"17.6";"A";"17.6";"A";"17.6";"A";"17.6";"A";"17.6";"A";"17.6";"A";"17.6";"A";"17.6";"A"
"1996-10";"19.2";"A";"19.2";"A";"19.2";"A";"19.2";"A";"19.2";"A";"19.2";"A";"19.2";"A";"19.2";"A";"19.2";"A";"19.2";"A";"19.2";"A";"19.2";"A";"19.2";"A";"19.2";"A"
"1996-09";"17.7";"A";"17.7";"A";"17.7";"A";"17.7";"A";"17.7";"A";"17.7";"A";"17.7";"A";"17.7";"A";"17.7";"A";"17.7";"A";"17.7";"A";"17.7";"A";"17.7";"A";"17.7";"A"
"1996-08";"15.9";"A";"15.9";"A";"15.9";"A";"15.9";"A";"15.9";"A";"15.9";"A";"15.9";"A";"15.9";"A";"15.9";"A";"15.9";"A";"15.9";"A";"15.9";"A";"15.9";"A";"15.9";"A"
"1996-07";"15.4";"A";"15.4";"A";"15.4";"A";"15.4";"A";"15.4";"A";"15.4";"A";"15.4";"A";"15.4";"A";"15.4";"A";"15.4";"A";"15.4";"A";"15.4";"A";"15.4";"A";"15.4";"A"
"1996-06";"14.7";"A";"14.7";"A";"14.7";"A";"14.7";"A";"14.7";"A";"14.7";"A";"14.7";"A";"14.7";"A";"14.7";"A";"14.7";"A";"14.7";"A";"14.7";"A";"14.7";"A";"14.7";"A"
"1996-05";"15.3";"A";"15.3";"A";"15.3";"A";"15.3";"A";"15.3";"A";"15.3";"A";"15.3";"A";"15.3";"A";"15.3";"A";"15.3";"A";"15.3";"A";"15.3";"A";"15.3";"A";"15.3";"A"
"1996-04";"16.5";"A";"16.5";"A";"16.5";"A";"16.5";"A";"16.5";"A";"16.5";"A";"16.5";"A";"16.5";"A";"16.5";"A";"16.5";"A";"16.5";"A";"16.5";"A";"16.5";"A";"16.5";"A"
"1996-03";"15.5";"A";"15.5";"A";"15.5";"A";"15.5";"A";"15.5";"A";"15.5";"A";"15.5";"A";"15.5";"A";"15.5";"A";"15.5";"A";"15.5";"A";"15.5";"A";"15.5";"A";"15.5";"A"
"1996-02";"13.8";"A";"13.8";"A";"13.8";"A";"13.8";"A";"13.8";"A";"13.8";"A";"13.8";"A";"13.8";"A";"13.8";"A";"13.8";"A";"13.8";"A";"13.8";"A";"13.8";"A";"13.8";"A"
"1996-01";"13.8";"A";"13.8";"A";"13.8";"A";"13.8";"A";"13.8";"A";"13.8";"A";"13.8";"A";"13.8";"A";"13.8";"A";"13.8";"A";"13.8";"A";"13.8";"A";"13.8";"A";"13.8";"A"
"1995-12";"13.7";"A";"13.7";"A";"13.7";"A";"13.7";"A";"13.7";"A";"13.7";"A";"13.7";"A";"13.7";"A";"13.7";"A";"13.7";"A";"13.7";"A";"13.7";"A";"13.7";"A";"13.7";"A"
"1995-11";"12.7";"A";"12.7";"A";"12.7";"A";"12.7";"A";"12.7";"A";"12.7";"A";"12.7";"A";"12.7";"A";"12.7";"A";"12.7";"A";"12.7";"A";"12.7";"A";"12.7";"A";"12.7";"A"
"1995-10";"12.2";"A";"12.2";"A";"12.2";"A";"12.2";"A";"12.2";"A";"12.2";"A";"12.2";"A";"12.2";"A";"12.2";"A";"12.2";"A";"12.2";"A";"12.2";"A";"12.2";"A";"12.2";"A"
"1995-09";"12.9";"A";"12.9";"A";"12.9";"A";"12.9";"A";"12.9";"A";"12.9";"A";"12.9";"A";"12.9";"A";"12.9";"A";"12.9";"A";"12.9";"A";"12.9";"A";"12.9";"A";"12.9";"A"
"1995-08";"12.3";"A";"12.3";"A";"12.3";"A";"12.3";"A";"12.3";"A";"12.3";"A";"12.3";"A";"12.3";"A";"12.3";"A";"12.3";"A";"12.3";"A";"12.3";"A";"12.3";"A";"12.3";"A"
"1995-07";"11.8";"A";"11.8";"A";"11.8";"A";"11.8";"A";"11.8";"A";"11.8";"A";"11.8";"A";"11.8";"A";"11.8";"A";"11.8";"A";"11.8";"A";"11.8";"A";"11.8";"A";"11.8";"A"
"1995-06";"13.0";"A";"13.0";"A";"13.0";"A";"13.0";"A";"13.0";"A";"13.0";"A";"13.0";"A";"13.0";"A";"13.0";"A";"13.0";"A";"13.0";"A";"13.0";"A";"13.0";"A";"13.0";"A"
"1995-05";"13.9";"A";"13.9";"A";"13.9";"A";"13.9";"A";"13.9";"A";"13.9";"A";"13.9";"A";"13.9";"A";"13.9";"A";"13.9";"A";"13.9";"A";"13.9";"A";"13.9";"A";"13.9";"A"
"1995-04";"13.9";"A";"13.9";"A";"13.9";"A";"13.9";"A";"13.9";"A";"13.9";"A";"13.9";"A";"13.9";"A";"13.9";"A";"13.9";"A";"13.9";"A";"13.9";"A";"13.9";"A";"13.9";"A"
"1995-03";"12.9";"A";"12.9";"A";"12.9";"A";"12.9";"A";"12.9";"A";"12.9";"A";"12.9";"A";"12.9";"A";"12.9";"A";"12.9";"A";"12.9";"A";"12.9";"A";"12.9";"A";"12.9";"A"
"1995-02";"13.6";"A";"13.6";"A";"13.6";"A";"13.6";"A";"13.6";"A";"13.6";"A";"13.6";"A";"13.6";"A";"13.6";"A";"13.6";"A";"13.6";"A";"13.6";"A";"13.6";"A";"13.6";"A"
"1995-01";"13.3";"A";"13.3";"A";"13.3";"A";"13.3";"A";"13.3";"A";"13.3";"A";"13.3";"A";"13.3";"A";"13.3";"A";"13.3";"A";"13.3";"A";"13.3";"A";"13.3";"A";"13.3";"A"
"1994-12";"13.1";"A";"13.1";"A";"13.1";"A";"13.1";"A";"13.1";"A";"13.1";"A";"13.1";"A";"13.1";"A";"13.1";"A";"13.1";"A";"13.1";"A";"13.1";"A";"13.1";"A";"13.1";"A"
"1994-11";"13.8";"A";"13.8";"A";"13.8";"A";"13.8";"A";"13.8";"A";"13.8";"A";"13.8";"A";"13.8";"A";"13.8";"A";"13.8";"A";"13.8";"A";"13.8";"A";"13.8";"A";"13.8";"A"
"1994-10";"13.0";"A";"13.0";"A";"13.0";"A";"13.0";"A";"13.0";"A";"13.0";"A";"13.0";"A";"13.0";"A";"13.0";"A";"13.0";"A";"13.0";"A";"13.0";"A";"13.0";"A";"13.0";"A"
"1994-09";"12.8";"A";"12.8";"A";"12.8";"A";"12.8";"A";"12.8";"A";"12.8";"A";"12.8";"A";"12.8";"A";"12.8";"A";"12.8";"A";"12.8";"A";"12.8";"A";"12.8";"A";"12.8";"A"
"1994-08";"13.6";"A";"13.6";"A";"13.6";"A";"13.6";"A";"13.6";"A";"13.6";"A";"13.6";"A";"13.6";"A";"13.6";"A";"13.6";"A";"13.6";"A";"13.6";"A";"13.6";"A";"13.6";"A"
"1994-07";"14.4";"A";"14.4";"A";"14.4";"A";"14.4";"A";"14.4";"A";"14.4";"A";"14.4";"A";"14.4";"A";"14.4";"A";"14.4";"A";"14.4";"A";"14.4";"A";"14.4";"A";"14.4";"A"
"1994-06";"14.1";"A";"14.1";"A";"14.1";"A";"14.1";"A";"14.1";"A";"14.1";"A";"14.1";"A";"14.1";"A";"14.1";"A";"14.1";"A";"14.1";"A";"14.1";"A";"14.1";"A";"14.1";"A"
"1994-05";"13.9";"A";"13.9";"A";"13.9";"A";"13.9";"A";"13.9";"A";"13.9";"A";"13.9";"A";"13.9";"A";"13.9";"A";"13.9";"A";"13.9";"A";"13.9";"A";"13.9";"A";"13.9";"A"
"1994-04";"13.3";"A";"13.3";"A";"13.3";"A";"13.3";"A";"13.3";"A";"13.3";"A";"13.3";"A";"13.3";"A";"13.3";"A";"13.3";"A";"13.3";"A";"13.3";"A";"13.3";"A";"13.3";"A"
"1994-03";"12.1";"A";"12.1";"A";"12.1";"A";"12.1";"A";"12.1";"A";"12.1";"A";"12.1";"A";"12.1";"A";"12.1";"A";"12.1";"A";"12.1";"A";"12.1";"A";"12.1";"A";"12.1";"A"
"1994-02";"12.3";"A";"12.3";"A";"12.3";"A";"12.3";"A";"12.3";"A";"12.3";"A";"12.3";"A";"12.3";"A";"12.3";"A";"12.3";"A";"12.3";"A";"12.3";"A";"12.3";"A";"12.3";"A"
"1994-01";"12.8";"A";"12.8";"A";"12.8";"A";"12.8";"A";"12.8";"A";"12.8";"A";"12.8";"A";"12.8";"A";"12.8";"A";"12.8";"A";"12.8";"A";"12.8";"A";"12.8";"A";"12.8";"A"
"1993-12";"12.0";"A";"12.0";"A";"12.0";"A";"12.0";"A";"12.0";"A";"12.0";"A";"12.0";"A";"12.0";"A";"12.0";"A";"12.0";"A";"12.0";"A";"12.0";"A";"12.0";"A";"12.0";"A"
"1993-11";"13.3";"A";"13.3";"A";"13.3";"A";"13.3";"A";"13.3";"A";"13.3";"A";"13.3";"A";"13.3";"A";"13.3";"A";"13.3";"A";"13.3";"A";"13.3";"A";"13.3";"A";"13.3";"A"
"1993-10";"14.2";"A";"14.2";"A";"14.2";"A";"14.2";"A";"14.2";"A";"14.2";"A";"14.2";"A";"14.2";"A";"14.2";"A";"14.2";"A";"14.2";"A";"14.2";"A";"14.2";"A";"14.2";"A"
"1993-09";"13.6";"A";"13.6";"A";"13.6";"A";"13.6";"A";"13.6";"A";"13.6";"A";"13.6";"A";"13.6";"A";"13.6";"A";"13.6";"A";"13.6";"A";"13.6";"A";"13.6";"A";"13.6";"A"
"1993-08";"14.7";"A";"14.7";"A";"14.7";"A";"14.7";"A";"14.7";"A";"14.7";"A";"14.7";"A";"14.7";"A";"14.7";"A";"14.7";"A";"14.7";"A";"14.7";"A";"14.7";"A";"14.7";"A"
"1993-07";"14.7";"A";"14.7";"A";"14.7";"A";"14.7";"A";"14.7";"A";"14.7";"A";"14.7";"A";"14.7";"A";"14.7";"A";"14.7";"A";"14.7";"A";"14.7";"A";"14.7";"A";"14.7";"A"
"1993-06";"14.8";"A";"14.8";"A";"14.8";"A";"14.8";"A";"14.8";"A";"14.8";"A";"14.8";"A";"14.8";"A";"14.8";"A";"14.8";"A";"14.8";"A";"14.8";"A";"14.8";"A";"14.8";"A"
"1993-05";"15.2";"A";"15.2";"A";"15.2";"A";"15.2";"A";"15.2";"A";"15.2";"A";"15.2";"A";"15.2";"A";"15.2";"A";"15.2";"A";"15.2";"A";"15.2";"A";"15.2";"A";"15.2";"A"
"1993-04";"15.2";"A";"15.2";"A";"15.2";"A";"15.2";"A";"15.2";"A";"15.2";"A";"15.2";"A";"15.2";"A";"15.2";"A";"15.2";"A";"15.2";"A";"15.2";"A";"15.2";"A";"15.2";"A"
"1993-03";"15.9";"A";"15.9";"A";"15.9";"A";"15.9";"A";"15.9";"A";"15.9";"A";"15.9";"A";"15.9";"A";"15.9";"A";"15.9";"A";"15.9";"A";"15.9";"A";"15.9";"A";"15.9";"A"
"1993-02";"15.6";"A";"15.6";"A";"15.6";"A";"15.6";"A";"15.6";"A";"15.6";"A";"15.6";"A";"15.6";"A";"15.6";"A";"15.6";"A";"15.6";"A";"15.6";"A";"15.6";"A";"15.6";"A"
"1993-01";"14.3";"A";"14.3";"A";"14.3";"A";"14.3";"A";"14.3";"A";"14.3";"A";"14.3";"A";"14.3";"A";"14.3";"A";"14.3";"A";"14.3";"A";"14.3";"A";"14.3";"A";"14.3";"A"
"1992-12";"14.6";"A";"14.6";"A";"14.6";"A";"14.6";"A";"14.6";"A";"14.6";"A";"14.6";"A";"14.6";"A";"14.6";"A";"14.6";"A";"14.6";"A";"14.6";"A";"14.6";"A";"14.6";"A"
"1992-11";"15.5";"A";"15.5";"A";"15.5";"A";"15.5";"A";"15.5";"A";"15.5";"A";"15.5";"A";"15.5";"A";"15.5";"A";"15.5";"A";"15.5";"A";"15.5";"A";"15.5";"A";"15.5";"A"
"1992-10";"15.3";"A";"15.3";"A";"15.3";"A";"15.3";"A";"15.3";"A";"15.3";"A";"15.3";"A";"15.3";"A";"15.3";"A";"15.3";"A";"15.3";"A";"15.3";"A";"15.3";"A";"15.3";"A"
"1992-09";"14.6";"A";"14.6";"A";"14.6";"A";"14.6";"A";"14.6";"A";"14.6";"A";"14.6";"A";"14.6";"A";"14.6";"A";"14.6";"A";"14.6";"A";"14.6";"A";"14.6";"A";"14.6";"A"
"1992-08";"14.1";"A";"14.1";"A";"14.1";"A";"14.1";"A";"14.1";"A";"14.1";"A";"14.1";"A";"14.1";"A";"14.1";"A";"14.1";"A";"14.1";"A";"14.1";"A";"14.1";"A";"14.1";"A"
"1992-07";"14.8";"A";"14.8";"A";"14.8";"A";"14.8";"A";"14.8";"A";"14.8";"A";"14.8";"A";"14.8";"A";"14.8";"A";"14.8";"A";"14.8";"A";"14.8";"A";"14.8";"A";"14.8";"A"
"1992-06";"16.2";"A";"16.2";"A";"16.2";"A";"16.2";"A";"16.2";"A";"16.2";"A";"16.2";"A";"16.2";"A";"16.2";"A";"16.2";"A";"16.2";"A";"16.2";"A";"16.2";"A";"16.2";"A"
"1992-05";"15.7";"A";"15.7";"A";"15.7";"A";"15.7";"A";"15.7";"A";"15.7";"A";"15.7";"A";"15.7";"A";"15.7";"A";"15.7";"A";"15.7";"A";"15.7";"A";"15.7";"A";"15.7";"A"
"1992-04";"15.2";"A";"15.2";"A";"15.2";"A";"15.2";"A";"15.2";"A";"15.2";"A";"15.2";"A";"15.2";"A";"15.2";"A";"15.2";"A";"15.2";"A";"15.2";"A";"15.2";"A";"15.2";"A"
"1992-03";"14.3";"A";"14.3";"A";"14.3";"A";"14.3";"A";"14.3";"A";"14.3";"A";"14.3";"A";"14.3";"A";"14.3";"A";"14.3";"A";"14.3";"A";"14.3";"A";"14.3";"A";"14.3";"A"
"1992-02";"14.3";"A";"14.3";"A";"14.3";"A";"14.3";"A";"14.3";"A";"14.3";"A";"14.3";"A";"14.3";"A";"14.3";"A";"14.3";"A";"14.3";"A";"14.3";"A";"14.3";"A";"14.3";"A"
"1992-01";"14.1";"A";"14.1";"A";"14.1";"A";"14.1";"A";"14.1";"A";"14.1";"A";"14.1";"A";"14.1";"A";"14.1";"A";"14.1";"A";"14.1";"A";"14.1";"A";"14.1";"A";"14.1";"A"
"1991-12";"14.1";"A";"14.1";"A";"14.1";"A";"14.1";"A";"14.1";"A";"14.1";"A";"14.1";"A";"14.1";"A";"14.1";"A";"14.1";"A";"14.1";"A";"14.1";"A";"14.1";"A";"14.1";"A"
"1991-11";"16.8";"A";"16.8";"A";"16.8";"A";"16.8";"A";"16.8";"A";"16.8";"A";"16.8";"A";"16.8";"A";"16.8";"A";"16.8";"A";"16.8";"A";"16.8";"A";"16.8";"A";"16.8";"A"
"1991-10";"18.4";"A";"18.4";"A";"18.4";"A";"18.4";"A";"18.4";"A";"18.4";"A";"18.4";"A";"18.4";"A";"18.4";"A";"18.4";"A";"18.4";"A";"18.4";"A";"18.4";"A";"18.4";"A"
"1991-09";"17.0";"A";"17.0";"A";"17.0";"A";"17.0";"A";"17.0";"A";"17.0";"A";"17.0";"A";"17.0";"A";"17.0";"A";"17.0";"A";"17.0";"A";"17.0";"A";"17.0";"A";"17.0";"A"
"1991-08";"16.8";"A";"16.8";"A";"16.8";"A";"16.8";"A";"16.8";"A";"16.8";"A";"16.8";"A";"16.8";"A";"16.8";"A";"16.8";"A";"16.8";"A";"16.8";"A";"16.8";"A";"16.8";"A"
"1991-07";"16.9";"A";"16.9";"A";"16.9";"A";"16.9";"A";"16.9";"A";"16.9";"A";"16.9";"A";"16.9";"A";"16.9";"A";"16.9";"A";"16.9";"A";"16.9";"A";"16.9";"A";"16.9";"A"
"1991-06";"15.8";"A";"15.8";"A";"15.8";"A";"15.8";"A";"15.8";"A";"15.8";"A";"15.8";"A";"15.8";"A";"15.8";"A";"15.8";"A";"15.8";"A";"15.8";"A";"15.8";"A";"15.8";"A"
"1991-05";"16.0";"A";"16.0";"A";"16.0";"A";"16.0";"A";"16.0";"A";"16.0";"A";"16.0";"A";"16.0";"A";"16.0";"A";"16.0";"A";"16.0";"A";"16.0";"A";"16.0";"A";"16.0";"A"
"1991-04";"15.9";"A";"15.9";"A";"15.9";"A";"15.9";"A";"15.9";"A";"15.9";"A";"15.9";"A";"15.9";"A";"15.9";"A";"15.9";"A";"15.9";"A";"15.9";"A";"15.9";"A";"15.9";"A"
"1991-03";"15.0";"A";"15.0";"A";"15.0";"A";"15.0";"A";"15.0";"A";"15.0";"A";"15.0";"A";"15.0";"A";"15.0";"A";"15.0";"A";"15.0";"A";"15.0";"A";"15.0";"A";"15.0";"A"
"1991-02";"14.0";"A";"14.0";"A";"14.0";"A";"14.0";"A";"14.0";"A";"14.0";"A";"14.0";"A";"14.0";"A";"14.0";"A";"14.0";"A";"14.0";"A";"14.0";"A";"14.0";"A";"14.0";"A"
"1991-01";"17.6";"A";"17.6";"A";"17.6";"A";"17.6";"A";"17.6";"A";"17.6";"A";"17.6";"A";"17.6";"A";"17.6";"A";"17.6";"A";"17.6";"A";"17.6";"A";"17.6";"A";"17.6";"A"
"1990-12";"20.6";"A";"20.6";"A";"20.6";"A";"20.6";"A";"20.6";"A";"20.6";"A";"20.6";"A";"20.6";"A";"20.6";"A";"20.6";"A";"20.6";"A";"20.6";"A";"20.6";"A";"20.6";"A"
"1990-11";"24.0";"A";"24.0";"A";"24.0";"A";"24.0";"A";"24.0";"A";"24.0";"A";"24.0";"A";"24.0";"A";"24.0";"A";"24.0";"A";"24.0";"A";"24.0";"A";"24.0";"A";"24.0";"A"
"1990-10";"26.8";"A";"26.8";"A";"26.8";"A";"26.8";"A";"26.8";"A";"26.8";"A";"26.8";"A";"26.8";"A";"26.8";"A";"26.8";"A";"26.8";"A";"26.8";"A";"26.8";"A";"26.8";"A"
"1990-09";"26.4";"A";"26.4";"A";"26.4";"A";"26.4";"A";"26.4";"A";"26.4";"A";"26.4";"A";"26.4";"A";"26.4";"A";"26.4";"A";"26.4";"A";"26.4";"A";"26.4";"A";"26.4";"A"
"1990-08";"20.4";"A";"20.4";"A";"20.4";"A";"20.4";"A";"20.4";"A";"20.4";"A";"20.4";"A";"20.4";"A";"20.4";"A";"20.4";"A";"20.4";"A";"20.4";"A";"20.4";"A";"20.4";"A"
"1990-07";"13.9";"A";"13.9";"A";"13.9";"A";"13.9";"A";"13.9";"A";"13.9";"A";"13.9";"A";"13.9";"A";"13.9";"A";"13.9";"A";"13.9";"A";"13.9";"A";"13.9";"A";"13.9";"A"
"1990-06";"12.8";"A";"12.8";"A";"12.8";"A";"12.8";"A";"12.8";"A";"12.8";"A";"12.8";"A";"12.8";"A";"12.8";"A";"12.8";"A";"12.8";"A";"12.8";"A";"12.8";"A";"12.8";"A"
"1990-05";"13.6";"A";"13.6";"A";"13.6";"A";"13.6";"A";"13.6";"A";"13.6";"A";"13.6";"A";"13.6";"A";"13.6";"A";"13.6";"A";"13.6";"A";"13.6";"A";"13.6";"A";"13.6";"A"
"1990-04";"13.9";"A";"13.9";"A";"13.9";"A";"13.9";"A";"13.9";"A";"13.9";"A";"13.9";"A";"13.9";"A";"13.9";"A";"13.9";"A";"13.9";"A";"13.9";"A";"13.9";"A";"13.9";"A"
"1990-03";"15.4";"A";"15.4";"A";"15.4";"A";"15.4";"A";"15.4";"A";"15.4";"A";"15.4";"A";"15.4";"A";"15.4";"A";"15.4";"A";"15.4";"A";"15.4";"A";"15.4";"A";"15.4";"A"
"1990-02";"16.4";"A";"16.4";"A";"16.4";"A";"16.4";"A";"16.4";"A";"16.4";"A";"16.4";"A";"16.4";"A";"16.4";"A";"16.4";"A";"16.4";"A";"16.4";"A";"16.4";"A";"16.4";"A"
"1990-01";"17.4";"A";"17.4";"A";"17.4";"A";"17.4";"A";"17.4";"A";"17.4";"A";"17.4";"A";"17.4";"A";"17.4";"A";"17.4";"A";"17.4";"A";"17.4";"A";"17.4";"A";"17.4";"A"
