"Libellé";"Comptes trimestriels (base 2014) - Évolution du Produit intérieur brut total - Volume aux prix de l'année précédente chaînés - Série CVS-CJO";"Codes";"Comptes trimestriels (base 2014) - Évolution du Produit intérieur brut total - Volume aux prix de l'année précédente chaînés - Série CVS-CJO";"Codes";"Comptes trimestriels (base 2014) - Évolution du Produit intérieur brut total - Volume aux prix de l'année précédente chaînés - Série CVS-CJO";"Codes";"Comptes trimestriels (base 2014) - Évolution du Produit intérieur brut total - Volume aux prix de l'année précédente chaînés - Série CVS-CJO";"Codes";"Comptes trimestriels (base 2014) - Évolution du Produit intérieur brut total - Volume aux prix de l'année précédente chaînés - Série CVS-CJO";"Codes";"Comptes trimestriels (base 2014) - Évolution du Produit intérieur brut total - Volume aux prix de l'année précédente chaînés - Série CVS-CJO";"Codes";"Comptes trimestriels (base 2014) - Évolution du Produit intérieur brut total - Volume aux prix de l'année précédente chaînés - Série CVS-CJO";"Codes";"Comptes trimestriels (base 2014) - Évolution du Produit intérieur brut total - Volume aux prix de l'année précédente chaînés - Série CVS-CJO";"Codes";"Comptes trimestriels (base 2014) - Évolution du Produit intérieur brut total - Volume aux prix de l'année précédente chaînés - Série CVS-CJO";"Codes";"Comptes trimestriels (base 2014) - Évolution du Produit intérieur brut total - Volume aux prix de l'année précédente chaînés - Série CVS-CJO";"Codes";"Comptes trimestriels (base 2014) - Évolution du Produit intérieur brut total - Volume aux prix de l'année précédente chaînés - Série CVS-CJO";"Codes";"Comptes trimestriels (base 2014) - Évolution du Produit intérieur brut total - Volume aux prix de l'année précédente chaînés - Série CVS-CJO";"Codes";"Comptes trimestriels (base 2014) - Évolution du Produit intérieur brut total - Volume aux prix de l'année précédente chaînés - Série CVS-CJO";"Codes";"Comptes trimestriels (base 2014) - Évolution du Produit intérieur brut total - Volume aux prix de l'année précédente chaînés - Série CVS-CJO";"Codes";"Comptes trimestriels (base 2014) - Évolution du Produit intérieur brut total - Volume aux prix de l'année précédente chaînés - Série CVS-CJO";"Codes";"Comptes trimestriels (base 2014) - Évolution du Produit intérieur brut total - Volume aux prix de l'année précédente chaînés - Série CVS-CJO";"Codes";"Comptes trimestriels (base 2014) - Évolution du Produit intérieur brut total - Volume aux prix de l'année précédente chaînés - Série CVS-CJO";"Codes";"Comptes trimestriels (base 2014) - Évolution du Produit intérieur brut total - Volume aux prix de l'année précédente chaînés - Série CVS-CJO";"Codes";"Comptes trimestriels (base 2014) - Évolution du Produit intérieur brut total - Volume aux prix de l'année précédente chaînés - Série CVS-CJO";"Codes"
"idBank";"010565692";"";"010565692";"";"010565692";"";"010565692";"";"010565692";"";"010565692";"";"010565692";"";"010565692";"";"010565692";"";"010565692";"";"010565692";"";"010565692";"";"010565692";"";"010565692";"";"010565692";"";"010565692";"";"010565692";"";"010565692";"";"010565692";""
"Mises à jour";"29/02/2024 08:45";"";"29/02/2024 08:45";"";"30/01/2024 07:30";"";"30/11/2023 08:45";"";"31/10/2023 07:30";"";"31/08/2023 08:45";"";"28/07/2023 07:30";"";"28/07/2023 07:30";"";"31/05/2023 08:45";"";"28/04/2023 07:30";"";"28/02/2023 08:45";"";"31/01/2023 07:30";"";"30/11/2022 08:45";"";"28/10/2022 07:30";"";"31/08/2022 08:45";"";"29/07/2022 07:30";"";"31/05/2022 08:45";"";"29/04/2022 07:30";"";"07/04/2022 08:57";""
"Période";"";"";"";"";"";"";"";"";"";"";"";"";"";"";"";"";"";"";"";"";"";"";"";"";"";"";"";"";"";"";"";"";"";"";"";"";"";""
"2023-T4";"0.1";"A";"0.1";"A";"0.0";"A";"";"";"";"";"";"";"";"";"";"";"";"";"";"";"";"";"";"";"";"";"";"";"";"";"";"";"";"";"";"";"";""
"2023-T3";"0.0";"A";"0.0";"A";"0.0";"A";"-0.1";"A";"0.1";"A";"";"";"";"";"";"";"";"";"";"";"";"";"";"";"";"";"";"";"";"";"";"";"";"";"";"";"";""
"2023-T2";"0.6";"A";"0.6";"A";"0.7";"A";"0.6";"A";"0.6";"A";"0.5";"A";"0.5";"A";"0.5";"A";"";"";"";"";"";"";"";"";"";"";"";"";"";"";"";"";"";"";"";"";"";""
"2023-T1";"0.0";"A";"0.0";"A";"0.0";"A";"0.1";"A";"0.1";"A";"0.0";"A";"0.1";"A";"0.1";"A";"0.2";"A";"0.2";"A";"";"";"";"";"";"";"";"";"";"";"";"";"";"";"";"";"";""
"2022-T4";"0.0";"A";"0.0";"A";"0.0";"A";"0.0";"A";"0.0";"A";"0.1";"A";"0.1";"A";"0.1";"A";"0.0";"A";"0.0";"A";"0.1";"A";"0.1";"A";"";"";"";"";"";"";"";"";"";"";"";"";"";""
"2022-T3";"0.6";"A";"0.6";"A";"0.6";"A";"0.5";"A";"0.5";"A";"0.3";"A";"0.2";"A";"0.2";"A";"0.2";"A";"0.1";"A";"0.2";"A";"0.2";"A";"0.2";"A";"0.2";"A";"";"";"";"";"";"";"";"";"";""
"2022-T2";"0.3";"A";"0.3";"A";"0.4";"A";"0.4";"A";"0.4";"A";"0.4";"A";"0.5";"A";"0.5";"A";"0.5";"A";"0.5";"A";"0.5";"A";"0.5";"A";"0.5";"A";"0.5";"A";"0.5";"A";"0.5";"A";"";"";"";"";"";""
"2022-T1";"-0.1";"A";"-0.1";"A";"-0.1";"A";"-0.1";"A";"-0.1";"A";"-0.1";"A";"-0.1";"A";"-0.1";"A";"-0.1";"A";"-0.2";"A";"-0.2";"A";"-0.2";"A";"-0.2";"A";"-0.2";"A";"-0.2";"A";"-0.2";"A";"-0.2";"A";"0.0";"A";"";""
"2021-T4";"0.6";"A";"0.6";"A";"0.5";"A";"0.5";"A";"0.5";"A";"0.6";"A";"0.5";"A";"0.5";"A";"0.5";"A";"0.6";"A";"0.6";"A";"0.6";"A";"0.6";"A";"0.6";"A";"0.5";"A";"0.6";"A";"0.4";"A";"0.8";"A";"0.7";"A"
"2021-T3";"3.0";"A";"3.0";"A";"3.0";"A";"3.0";"A";"3.1";"A";"3.0";"A";"2.9";"A";"2.9";"A";"3.1";"A";"3.3";"A";"3.3";"A";"3.3";"A";"3.3";"A";"3.3";"A";"3.4";"A";"3.3";"A";"3.2";"A";"3.0";"A";"3.1";"A"
"2021-T2";"0.9";"A";"0.9";"A";"0.9";"A";"0.9";"A";"0.9";"A";"0.9";"A";"1.0";"A";"1.0";"A";"1.0";"A";"1.0";"A";"1.1";"A";"1.1";"A";"1.1";"A";"1.1";"A";"1.0";"A";"1.0";"A";"1.0";"A";"1.5";"A";"1.3";"A"
"2021-T1";"0.0";"A";"0.0";"A";"0.0";"A";"0.0";"A";"0.0";"A";"0.1";"A";"0.1";"A";"0.1";"A";"0.0";"A";"0.1";"A";"0.1";"A";"0.1";"A";"0.1";"A";"0.1";"A";"0.0";"A";"0.1";"A";"0.2";"A";"0.2";"A";"0.2";"A"
"2020-T4";"-0.6";"A";"-0.6";"A";"-0.6";"A";"-0.6";"A";"-0.7";"A";"-0.6";"A";"-0.7";"A";"-0.7";"A";"-0.7";"A";"-0.9";"A";"-0.9";"A";"-0.9";"A";"-0.9";"A";"-0.9";"A";"-0.9";"A";"-0.9";"A";"-1.4";"A";"-1.1";"A";"-1.1";"A"
"2020-T3";"17.5";"A";"17.5";"A";"17.5";"A";"17.5";"A";"17.5";"A";"17.4";"A";"17.4";"A";"17.4";"A";"17.4";"A";"18.4";"A";"18.4";"A";"18.4";"A";"18.3";"A";"18.4";"A";"18.4";"A";"18.4";"A";"19.4";"A";"18.6";"A";"18.6";"A"
"2020-T2";"-13.1";"A";"-13.1";"A";"-13.2";"A";"-13.1";"A";"-13.2";"A";"-13.1";"A";"-13.1";"A";"-13.1";"A";"-13.1";"A";"-13.6";"A";"-13.6";"A";"-13.5";"A";"-13.5";"A";"-13.5";"A";"-13.5";"A";"-13.5";"A";"-13.7";"A";"-13.4";"A";"-13.5";"A"
"2020-T1";"-5.3";"A";"-5.3";"A";"-5.3";"A";"-5.3";"A";"-5.3";"A";"-5.2";"A";"-5.3";"A";"-5.3";"A";"-5.3";"A";"-5.5";"A";"-5.6";"A";"-5.6";"A";"-5.5";"A";"-5.6";"A";"-5.6";"A";"-5.6";"A";"-5.7";"A";"-5.6";"A";"-5.7";"A"
"2019-T4";"-0.4";"A";"-0.4";"A";"-0.4";"A";"-0.4";"A";"-0.4";"A";"-0.4";"A";"-0.4";"A";"-0.4";"A";"-0.4";"A";"-0.3";"A";"-0.3";"A";"-0.3";"A";"-0.3";"A";"-0.3";"A";"-0.3";"A";"-0.3";"A";"-0.3";"A";"-0.4";"A";"-0.4";"A"
"2019-T3";"0.1";"A";"0.1";"A";"0.1";"A";"0.1";"A";"0.1";"A";"0.1";"A";"0.1";"A";"0.1";"A";"0.1";"A";"0.0";"A";"0.0";"A";"0.0";"A";"0.0";"A";"0.0";"A";"0.0";"A";"0.0";"A";"0.0";"A";"0.0";"A";"0.1";"A"
"2019-T2";"0.6";"A";"0.6";"A";"0.6";"A";"0.7";"A";"0.7";"A";"0.7";"A";"0.7";"A";"0.7";"A";"0.7";"A";"0.7";"A";"0.7";"A";"0.7";"A";"0.7";"A";"0.7";"A";"0.7";"A";"0.7";"A";"0.7";"A";"0.6";"A";"0.5";"A"
"2019-T1";"0.7";"A";"0.7";"A";"0.7";"A";"0.7";"A";"0.7";"A";"0.7";"A";"0.7";"A";"0.7";"A";"0.7";"A";"0.7";"A";"0.7";"A";"0.7";"A";"0.7";"A";"0.7";"A";"0.7";"A";"0.7";"A";"0.7";"A";"0.7";"A";"0.6";"A"
"2018-T4";"0.5";"A";"0.5";"A";"0.5";"A";"0.6";"A";"0.5";"A";"0.5";"A";"0.5";"A";"0.5";"A";"0.5";"A";"0.6";"A";"0.6";"A";"0.6";"A";"0.6";"A";"0.6";"A";"0.6";"A";"0.6";"A";"0.6";"A";"0.7";"A";"0.7";"A"
"2018-T3";"0.5";"A";"0.5";"A";"0.5";"A";"0.5";"A";"0.4";"A";"0.4";"A";"0.4";"A";"0.4";"A";"0.5";"A";"0.4";"A";"0.4";"A";"0.4";"A";"0.4";"A";"0.4";"A";"0.4";"A";"0.4";"A";"0.4";"A";"0.4";"A";"0.4";"A"
"2018-T2";"0.5";"A";"0.5";"A";"0.4";"A";"0.5";"A";"0.5";"A";"0.5";"A";"0.5";"A";"0.5";"A";"0.4";"A";"0.4";"A";"0.4";"A";"0.4";"A";"0.4";"A";"0.4";"A";"0.4";"A";"0.4";"A";"0.4";"A";"0.4";"A";"0.3";"A"
"2018-T1";"0.0";"A";"0.0";"A";"0.0";"A";"0.0";"A";"0.0";"A";"0.0";"A";"0.0";"A";"0.0";"A";"0.0";"A";"0.1";"A";"0.1";"A";"0.1";"A";"0.1";"A";"0.1";"A";"0.1";"A";"0.1";"A";"0.1";"A";"0.0";"A";"0.0";"A"
"2017-T4";"0.6";"A";"0.6";"A";"0.6";"A";"0.6";"A";"0.6";"A";"0.6";"A";"0.6";"A";"0.6";"A";"0.6";"A";"0.6";"A";"0.6";"A";"0.6";"A";"0.6";"A";"0.6";"A";"0.6";"A";"0.6";"A";"0.6";"A";"0.8";"A";"0.8";"A"
"2017-T3";"0.9";"A";"0.9";"A";"0.9";"A";"0.9";"A";"0.9";"A";"0.9";"A";"0.9";"A";"0.9";"A";"0.9";"A";"0.8";"A";"0.9";"A";"0.9";"A";"0.8";"A";"0.8";"A";"0.9";"A";"0.8";"A";"0.9";"A";"0.6";"A";"0.6";"A"
"2017-T2";"0.9";"A";"0.9";"A";"0.9";"A";"0.9";"A";"0.9";"A";"0.9";"A";"0.9";"A";"0.9";"A";"0.9";"A";"0.8";"A";"0.8";"A";"0.8";"A";"0.8";"A";"0.8";"A";"0.8";"A";"0.8";"A";"0.8";"A";"0.8";"A";"0.8";"A"
"2017-T1";"0.6";"A";"0.6";"A";"0.6";"A";"0.6";"A";"0.6";"A";"0.6";"A";"0.6";"A";"0.6";"A";"0.7";"A";"0.7";"A";"0.7";"A";"0.8";"A";"0.7";"A";"0.8";"A";"0.7";"A";"0.8";"A";"0.8";"A";"0.8";"A";"0.8";"A"
"2016-T4";"0.6";"A";"0.6";"A";"0.6";"A";"0.6";"A";"0.6";"A";"0.6";"A";"0.6";"A";"0.6";"A";"0.6";"A";"0.6";"A";"0.6";"A";"0.6";"A";"0.6";"A";"0.6";"A";"0.6";"A";"0.6";"A";"0.6";"A";"0.5";"A";"0.5";"A"
"2016-T3";"0.4";"A";"0.4";"A";"0.4";"A";"0.4";"A";"0.4";"A";"0.4";"A";"0.4";"A";"0.4";"A";"0.4";"A";"0.3";"A";"0.3";"A";"0.3";"A";"0.3";"A";"0.3";"A";"0.3";"A";"0.3";"A";"0.3";"A";"0.2";"A";"0.2";"A"
"2016-T2";"-0.4";"A";"-0.4";"A";"-0.4";"A";"-0.4";"A";"-0.4";"A";"-0.4";"A";"-0.4";"A";"-0.4";"A";"-0.4";"A";"-0.3";"A";"-0.3";"A";"-0.3";"A";"-0.3";"A";"-0.3";"A";"-0.3";"A";"-0.3";"A";"-0.3";"A";"-0.2";"A";"-0.2";"A"
"2016-T1";"0.6";"A";"0.6";"A";"0.6";"A";"0.6";"A";"0.6";"A";"0.6";"A";"0.6";"A";"0.6";"A";"0.6";"A";"0.6";"A";"0.6";"A";"0.6";"A";"0.6";"A";"0.7";"A";"0.6";"A";"0.6";"A";"0.6";"A";"0.6";"A";"0.6";"A"
"2015-T4";"0.2";"A";"0.2";"A";"0.2";"A";"0.2";"A";"0.2";"A";"0.2";"A";"0.2";"A";"0.2";"A";"0.2";"A";"0.2";"A";"0.2";"A";"0.2";"A";"0.2";"A";"0.2";"A";"0.2";"A";"0.2";"A";"0.2";"A";"0.1";"A";"0.2";"A"
"2015-T3";"0.2";"A";"0.2";"A";"0.2";"A";"0.2";"A";"0.2";"A";"0.2";"A";"0.2";"A";"0.2";"A";"0.2";"A";"0.2";"A";"0.2";"A";"0.2";"A";"0.2";"A";"0.2";"A";"0.2";"A";"0.2";"A";"0.2";"A";"0.3";"A";"0.3";"A"
"2015-T2";"0.2";"A";"0.2";"A";"0.2";"A";"0.2";"A";"0.2";"A";"0.2";"A";"0.1";"A";"0.1";"A";"0.1";"A";"0.1";"A";"0.1";"A";"0.1";"A";"0.1";"A";"0.1";"A";"0.1";"A";"0.1";"A";"0.1";"A";"0.0";"A";"0.0";"A"
"2015-T1";"0.5";"A";"0.5";"A";"0.5";"A";"0.5";"A";"0.5";"A";"0.5";"A";"0.5";"A";"0.5";"A";"0.5";"A";"0.5";"A";"0.5";"A";"0.5";"A";"0.5";"A";"0.5";"A";"0.5";"A";"0.5";"A";"0.5";"A";"0.5";"A";"0.5";"A"
"2014-T4";"-0.1";"A";"-0.1";"A";"-0.1";"A";"-0.1";"A";"-0.1";"A";"-0.1";"A";"-0.1";"A";"-0.1";"A";"-0.1";"A";"-0.1";"A";"0.0";"A";"0.0";"A";"0.0";"A";"0.0";"A";"0.0";"A";"0.0";"A";"0.0";"A";"0.1";"A";"0.1";"A"
"2014-T3";"0.6";"A";"0.6";"A";"0.6";"A";"0.6";"A";"0.6";"A";"0.6";"A";"0.6";"A";"0.6";"A";"0.6";"A";"0.6";"A";"0.6";"A";"0.6";"A";"0.6";"A";"0.6";"A";"0.6";"A";"0.6";"A";"0.6";"A";"0.5";"A";"0.5";"A"
"2014-T2";"0.1";"A";"0.1";"A";"0.1";"A";"0.1";"A";"0.1";"A";"0.1";"A";"0.1";"A";"0.1";"A";"0.1";"A";"0.1";"A";"0.1";"A";"0.1";"A";"0.1";"A";"0.1";"A";"0.1";"A";"0.1";"A";"0.1";"A";"0.1";"A";"0.1";"A"
"2014-T1";"0.0";"A";"0.0";"A";"0.0";"A";"0.0";"A";"-0.1";"A";"-0.1";"A";"-0.1";"A";"-0.1";"A";"0.0";"A";"0.0";"A";"0.0";"A";"0.0";"A";"0.0";"A";"0.0";"A";"0.0";"A";"0.0";"A";"0.0";"A";"0.1";"A";"0.1";"A"
"2013-T4";"0.7";"A";"0.7";"A";"0.7";"A";"0.7";"A";"0.8";"A";"0.7";"A";"0.7";"A";"0.7";"A";"0.7";"A";"0.6";"A";"0.6";"A";"0.6";"A";"0.7";"A";"0.7";"A";"0.7";"A";"0.7";"A";"0.7";"A";"0.5";"A";"0.5";"A"
"2013-T3";"-0.1";"A";"-0.1";"A";"-0.1";"A";"-0.1";"A";"-0.1";"A";"-0.1";"A";"-0.1";"A";"-0.1";"A";"-0.1";"A";"-0.1";"A";"-0.1";"A";"-0.1";"A";"-0.1";"A";"-0.1";"A";"-0.1";"A";"-0.1";"A";"-0.1";"A";"0.0";"A";"0.0";"A"
"2013-T2";"0.7";"A";"0.7";"A";"0.7";"A";"0.7";"A";"0.7";"A";"0.7";"A";"0.7";"A";"0.7";"A";"0.7";"A";"0.7";"A";"0.7";"A";"0.7";"A";"0.7";"A";"0.7";"A";"0.7";"A";"0.7";"A";"0.7";"A";"0.7";"A";"0.7";"A"
"2013-T1";"0.0";"A";"0.0";"A";"0.0";"A";"0.0";"A";"0.0";"A";"0.0";"A";"0.0";"A";"0.0";"A";"0.0";"A";"0.1";"A";"0.1";"A";"0.1";"A";"0.1";"A";"0.1";"A";"0.1";"A";"0.1";"A";"0.1";"A";"0.0";"A";"0.0";"A"
"2012-T4";"-0.1";"A";"-0.1";"A";"-0.1";"A";"-0.1";"A";"-0.2";"A";"-0.2";"A";"-0.2";"A";"-0.2";"A";"-0.2";"A";"-0.1";"A";"-0.1";"A";"-0.1";"A";"-0.1";"A";"-0.1";"A";"-0.1";"A";"-0.1";"A";"-0.1";"A";"-0.1";"A";"-0.1";"A"
"2012-T3";"0.2";"A";"0.2";"A";"0.2";"A";"0.2";"A";"0.3";"A";"0.3";"A";"0.2";"A";"0.2";"A";"0.3";"A";"0.2";"A";"0.2";"A";"0.2";"A";"0.2";"A";"0.2";"A";"0.2";"A";"0.2";"A";"0.2";"A";"0.2";"A";"0.2";"A"
"2012-T2";"-0.1";"A";"-0.1";"A";"-0.1";"A";"-0.1";"A";"-0.1";"A";"-0.1";"A";"-0.1";"A";"-0.1";"A";"-0.1";"A";"-0.2";"A";"-0.1";"A";"-0.2";"A";"-0.2";"A";"-0.2";"A";"-0.2";"A";"-0.1";"A";"-0.2";"A";"-0.2";"A";"-0.2";"A"
"2012-T1";"-0.1";"A";"-0.1";"A";"0.0";"A";"0.0";"A";"-0.1";"A";"-0.1";"A";"0.0";"A";"0.0";"A";"0.0";"A";"0.0";"A";"0.0";"A";"0.0";"A";"0.0";"A";"0.0";"A";"0.0";"A";"0.0";"A";"0.0";"A";"0.1";"A";"0.1";"A"
"2011-T4";"0.3";"A";"0.3";"A";"0.2";"A";"0.2";"A";"0.3";"A";"0.3";"A";"0.2";"A";"0.2";"A";"0.2";"A";"0.2";"A";"0.2";"A";"0.2";"A";"0.2";"A";"0.2";"A";"0.2";"A";"0.2";"A";"0.2";"A";"0.2";"A";"0.2";"A"
"2011-T3";"0.4";"A";"0.4";"A";"0.4";"A";"0.4";"A";"0.5";"A";"0.5";"A";"0.5";"A";"0.5";"A";"0.5";"A";"0.5";"A";"0.5";"A";"0.5";"A";"0.5";"A";"0.5";"A";"0.5";"A";"0.5";"A";"0.5";"A";"0.4";"A";"0.4";"A"
"2011-T2";"0.0";"A";"0.0";"A";"0.0";"A";"0.0";"A";"0.0";"A";"0.0";"A";"-0.1";"A";"-0.1";"A";"0.0";"A";"-0.1";"A";"-0.1";"A";"-0.1";"A";"-0.1";"A";"-0.1";"A";"-0.1";"A";"-0.1";"A";"-0.1";"A";"0.0";"A";"0.0";"A"
"2011-T1";"1.1";"A";"1.1";"A";"1.1";"A";"1.1";"A";"1.1";"A";"1.1";"A";"1.1";"A";"1.1";"A";"1.1";"A";"1.1";"A";"1.0";"A";"1.1";"A";"1.0";"A";"1.0";"A";"1.0";"A";"1.0";"A";"1.0";"A";"1.0";"A";"1.0";"A"
"2010-T4";"0.6";"A";"0.6";"A";"0.6";"A";"0.6";"A";"0.6";"A";"0.6";"A";"0.6";"A";"0.6";"A";"0.6";"A";"0.6";"A";"0.7";"A";"0.7";"A";"0.7";"A";"0.7";"A";"0.7";"A";"0.7";"A";"0.7";"A";"0.7";"A";"0.7";"A"
"2010-T3";"0.6";"A";"0.6";"A";"0.6";"A";"0.6";"A";"0.6";"A";"0.6";"A";"0.6";"A";"0.6";"A";"0.6";"A";"0.6";"A";"0.6";"A";"0.6";"A";"0.6";"A";"0.6";"A";"0.6";"A";"0.6";"A";"0.6";"A";"0.6";"A";"0.6";"A"
"2010-T2";"0.5";"A";"0.5";"A";"0.5";"A";"0.5";"A";"0.5";"A";"0.5";"A";"0.5";"A";"0.5";"A";"0.5";"A";"0.5";"A";"0.5";"A";"0.5";"A";"0.5";"A";"0.5";"A";"0.5";"A";"0.5";"A";"0.5";"A";"0.5";"A";"0.5";"A"
"2010-T1";"0.3";"A";"0.3";"A";"0.3";"A";"0.3";"A";"0.3";"A";"0.3";"A";"0.3";"A";"0.3";"A";"0.3";"A";"0.3";"A";"0.3";"A";"0.3";"A";"0.4";"A";"0.4";"A";"0.4";"A";"0.4";"A";"0.3";"A";"0.4";"A";"0.4";"A"
"2009-T4";"0.9";"A";"0.9";"A";"0.9";"A";"0.9";"A";"0.9";"A";"0.9";"A";"0.8";"A";"0.8";"A";"0.8";"A";"0.7";"A";"0.7";"A";"0.7";"A";"0.7";"A";"0.7";"A";"0.7";"A";"0.7";"A";"0.7";"A";"0.7";"A";"0.7";"A"
"2009-T3";"0.1";"A";"0.1";"A";"0.1";"A";"0.1";"A";"0.1";"A";"0.1";"A";"0.1";"A";"0.1";"A";"0.1";"A";"0.2";"A";"0.2";"A";"0.2";"A";"0.2";"A";"0.2";"A";"0.2";"A";"0.2";"A";"0.2";"A";"0.2";"A";"0.2";"A"
"2009-T2";"0.0";"A";"0.0";"A";"0.0";"A";"0.0";"A";"0.0";"A";"0.0";"A";"0.0";"A";"0.0";"A";"0.0";"A";"0.0";"A";"0.0";"A";"0.0";"A";"0.0";"A";"0.0";"A";"0.0";"A";"0.0";"A";"0.0";"A";"-0.1";"A";"-0.1";"A"
"2009-T1";"-1.7";"A";"-1.7";"A";"-1.7";"A";"-1.7";"A";"-1.7";"A";"-1.7";"A";"-1.7";"A";"-1.7";"A";"-1.7";"A";"-1.7";"A";"-1.7";"A";"-1.7";"A";"-1.7";"A";"-1.7";"A";"-1.7";"A";"-1.7";"A";"-1.7";"A";"-1.6";"A";"-1.6";"A"
"2008-T4";"-1.5";"A";"-1.5";"A";"-1.5";"A";"-1.5";"A";"-1.5";"A";"-1.5";"A";"-1.5";"A";"-1.5";"A";"-1.5";"A";"-1.5";"A";"-1.5";"A";"-1.5";"A";"-1.5";"A";"-1.5";"A";"-1.5";"A";"-1.5";"A";"-1.5";"A";"-1.5";"A";"-1.5";"A"
"2008-T3";"-0.1";"A";"-0.1";"A";"-0.1";"A";"-0.1";"A";"-0.1";"A";"-0.1";"A";"-0.1";"A";"-0.1";"A";"-0.1";"A";"-0.2";"A";"-0.2";"A";"-0.2";"A";"-0.2";"A";"-0.2";"A";"-0.2";"A";"-0.2";"A";"-0.2";"A";"-0.3";"A";"-0.3";"A"
"2008-T2";"-0.6";"A";"-0.6";"A";"-0.6";"A";"-0.6";"A";"-0.6";"A";"-0.6";"A";"-0.6";"A";"-0.6";"A";"-0.6";"A";"-0.5";"A";"-0.5";"A";"-0.5";"A";"-0.6";"A";"-0.6";"A";"-0.5";"A";"-0.5";"A";"-0.5";"A";"-0.4";"A";"-0.4";"A"
"2008-T1";"0.5";"A";"0.5";"A";"0.5";"A";"0.5";"A";"0.5";"A";"0.5";"A";"0.5";"A";"0.5";"A";"0.5";"A";"0.5";"A";"0.5";"A";"0.5";"A";"0.5";"A";"0.5";"A";"0.5";"A";"0.5";"A";"0.5";"A";"0.4";"A";"0.4";"A"
"2007-T4";"0.2";"A";"0.2";"A";"0.2";"A";"0.2";"A";"0.2";"A";"0.2";"A";"0.2";"A";"0.2";"A";"0.2";"A";"0.2";"A";"0.2";"A";"0.2";"A";"0.2";"A";"0.2";"A";"0.2";"A";"0.2";"A";"0.2";"A";"0.2";"A";"0.2";"A"
"2007-T3";"0.4";"A";"0.4";"A";"0.4";"A";"0.4";"A";"0.4";"A";"0.4";"A";"0.5";"A";"0.5";"A";"0.4";"A";"0.5";"A";"0.5";"A";"0.5";"A";"0.5";"A";"0.5";"A";"0.5";"A";"0.5";"A";"0.5";"A";"0.4";"A";"0.4";"A"
"2007-T2";"0.7";"A";"0.7";"A";"0.7";"A";"0.7";"A";"0.7";"A";"0.7";"A";"0.7";"A";"0.7";"A";"0.7";"A";"0.7";"A";"0.7";"A";"0.7";"A";"0.7";"A";"0.7";"A";"0.7";"A";"0.7";"A";"0.7";"A";"0.8";"A";"0.8";"A"
"2007-T1";"0.8";"A";"0.8";"A";"0.8";"A";"0.8";"A";"0.8";"A";"0.8";"A";"0.8";"A";"0.8";"A";"0.8";"A";"0.7";"A";"0.7";"A";"0.7";"A";"0.7";"A";"0.7";"A";"0.7";"A";"0.7";"A";"0.7";"A";"0.7";"A";"0.7";"A"
"2006-T4";"0.6";"A";"0.6";"A";"0.6";"A";"0.6";"A";"0.6";"A";"0.6";"A";"0.6";"A";"0.6";"A";"0.6";"A";"0.7";"A";"0.7";"A";"0.7";"A";"0.7";"A";"0.7";"A";"0.7";"A";"0.7";"A";"0.7";"A";"0.8";"A";"0.8";"A"
"2006-T3";"0.2";"A";"0.2";"A";"0.2";"A";"0.2";"A";"0.2";"A";"0.2";"A";"0.2";"A";"0.2";"A";"0.2";"A";"0.1";"A";"0.1";"A";"0.1";"A";"0.1";"A";"0.1";"A";"0.1";"A";"0.1";"A";"0.1";"A";"0.0";"A";"0.0";"A"
"2006-T2";"1.0";"A";"1.0";"A";"1.0";"A";"1.0";"A";"1.0";"A";"1.0";"A";"1.0";"A";"1.0";"A";"1.0";"A";"1.0";"A";"1.0";"A";"1.0";"A";"1.0";"A";"1.0";"A";"1.0";"A";"1.0";"A";"1.0";"A";"1.0";"A";"1.0";"A"
"2006-T1";"0.7";"A";"0.7";"A";"0.7";"A";"0.7";"A";"0.8";"A";"0.8";"A";"0.8";"A";"0.8";"A";"0.8";"A";"0.8";"A";"0.8";"A";"0.8";"A";"0.8";"A";"0.8";"A";"0.8";"A";"0.8";"A";"0.8";"A";"0.8";"A";"0.8";"A"
"2005-T4";"0.6";"A";"0.6";"A";"0.6";"A";"0.6";"A";"0.6";"A";"0.6";"A";"0.6";"A";"0.6";"A";"0.6";"A";"0.7";"A";"0.7";"A";"0.7";"A";"0.7";"A";"0.7";"A";"0.7";"A";"0.7";"A";"0.7";"A";"0.8";"A";"0.8";"A"
"2005-T3";"0.7";"A";"0.7";"A";"0.7";"A";"0.7";"A";"0.7";"A";"0.7";"A";"0.7";"A";"0.7";"A";"0.7";"A";"0.6";"A";"0.6";"A";"0.6";"A";"0.5";"A";"0.5";"A";"0.5";"A";"0.5";"A";"0.5";"A";"0.5";"A";"0.5";"A"
"2005-T2";"0.2";"A";"0.2";"A";"0.2";"A";"0.2";"A";"0.2";"A";"0.2";"A";"0.2";"A";"0.2";"A";"0.2";"A";"0.3";"A";"0.3";"A";"0.3";"A";"0.3";"A";"0.3";"A";"0.3";"A";"0.3";"A";"0.3";"A";"0.2";"A";"0.2";"A"
"2005-T1";"0.3";"A";"0.3";"A";"0.3";"A";"0.3";"A";"0.3";"A";"0.3";"A";"0.3";"A";"0.3";"A";"0.3";"A";"0.2";"A";"0.2";"A";"0.2";"A";"0.2";"A";"0.2";"A";"0.2";"A";"0.2";"A";"0.2";"A";"0.3";"A";"0.3";"A"
"2004-T4";"0.6";"A";"0.6";"A";"0.6";"A";"0.6";"A";"0.6";"A";"0.6";"A";"0.6";"A";"0.6";"A";"0.6";"A";"0.7";"A";"0.8";"A";"0.8";"A";"0.7";"A";"0.7";"A";"0.7";"A";"0.8";"A";"0.7";"A";"0.7";"A";"0.8";"A"
"2004-T3";"0.4";"A";"0.4";"A";"0.4";"A";"0.4";"A";"0.4";"A";"0.4";"A";"0.4";"A";"0.4";"A";"0.4";"A";"0.3";"A";"0.3";"A";"0.3";"A";"0.3";"A";"0.3";"A";"0.3";"A";"0.3";"A";"0.3";"A";"0.3";"A";"0.3";"A"
"2004-T2";"0.6";"A";"0.6";"A";"0.6";"A";"0.6";"A";"0.6";"A";"0.6";"A";"0.6";"A";"0.6";"A";"0.6";"A";"0.6";"A";"0.6";"A";"0.6";"A";"0.6";"A";"0.6";"A";"0.6";"A";"0.6";"A";"0.6";"A";"0.6";"A";"0.6";"A"
"2004-T1";"1.0";"A";"1.0";"A";"1.0";"A";"1.0";"A";"1.0";"A";"1.0";"A";"1.0";"A";"1.0";"A";"1.0";"A";"1.0";"A";"1.0";"A";"1.0";"A";"1.0";"A";"1.0";"A";"1.0";"A";"1.0";"A";"1.0";"A";"0.9";"A";"0.9";"A"
"2003-T4";"0.4";"A";"0.4";"A";"0.4";"A";"0.4";"A";"0.4";"A";"0.4";"A";"0.4";"A";"0.4";"A";"0.4";"A";"0.7";"A";"0.7";"A";"0.7";"A";"0.7";"A";"0.7";"A";"0.7";"A";"0.7";"A";"0.7";"A";"0.7";"A";"0.7";"A"
"2003-T3";"1.0";"A";"1.0";"A";"1.0";"A";"1.0";"A";"1.0";"A";"1.0";"A";"1.0";"A";"1.0";"A";"1.0";"A";"0.7";"A";"0.7";"A";"0.7";"A";"0.7";"A";"0.7";"A";"0.7";"A";"0.7";"A";"0.7";"A";"0.7";"A";"0.7";"A"
"2003-T2";"-0.3";"A";"-0.3";"A";"-0.3";"A";"-0.3";"A";"-0.3";"A";"-0.3";"A";"-0.3";"A";"-0.3";"A";"-0.3";"A";"-0.2";"A";"-0.2";"A";"-0.2";"A";"-0.2";"A";"-0.2";"A";"-0.2";"A";"-0.2";"A";"-0.2";"A";"-0.2";"A";"-0.2";"A"
"2003-T1";"0.1";"A";"0.1";"A";"0.1";"A";"0.1";"A";"0.1";"A";"0.1";"A";"0.1";"A";"0.1";"A";"0.1";"A";"0.1";"A";"0.1";"A";"0.1";"A";"0.1";"A";"0.1";"A";"0.1";"A";"0.1";"A";"0.1";"A";"0.2";"A";"0.2";"A"
"2002-T4";"0.0";"A";"0.0";"A";"0.0";"A";"0.0";"A";"0.0";"A";"0.0";"A";"0.0";"A";"0.0";"A";"0.0";"A";"0.2";"A";"0.2";"A";"0.2";"A";"0.2";"A";"0.2";"A";"0.2";"A";"0.2";"A";"0.2";"A";"-0.1";"A";"0.0";"A"
"2002-T3";"0.5";"A";"0.5";"A";"0.5";"A";"0.5";"A";"0.5";"A";"0.5";"A";"0.5";"A";"0.5";"A";"0.5";"A";"0.2";"A";"0.2";"A";"0.2";"A";"0.2";"A";"0.2";"A";"0.2";"A";"0.2";"A";"0.2";"A";"0.4";"A";"0.4";"A"
"2002-T2";"0.4";"A";"0.4";"A";"0.4";"A";"0.4";"A";"0.4";"A";"0.4";"A";"0.4";"A";"0.4";"A";"0.4";"A";"0.4";"A";"0.4";"A";"0.4";"A";"0.4";"A";"0.4";"A";"0.4";"A";"0.4";"A";"0.4";"A";"0.5";"A";"0.5";"A"
"2002-T1";"0.6";"A";"0.6";"A";"0.6";"A";"0.6";"A";"0.6";"A";"0.6";"A";"0.6";"A";"0.6";"A";"0.5";"A";"0.6";"A";"0.6";"A";"0.6";"A";"0.6";"A";"0.6";"A";"0.6";"A";"0.6";"A";"0.6";"A";"0.4";"A";"0.4";"A"
"2001-T4";"-0.4";"A";"-0.4";"A";"-0.4";"A";"-0.4";"A";"-0.4";"A";"-0.4";"A";"-0.4";"A";"-0.4";"A";"-0.4";"A";"-0.1";"A";"-0.1";"A";"-0.1";"A";"-0.1";"A";"-0.1";"A";"-0.1";"A";"-0.1";"A";"-0.1";"A";"0.0";"A";"0.0";"A"
"2001-T3";"0.6";"A";"0.6";"A";"0.6";"A";"0.6";"A";"0.6";"A";"0.6";"A";"0.6";"A";"0.6";"A";"0.6";"A";"0.3";"A";"0.3";"A";"0.3";"A";"0.3";"A";"0.3";"A";"0.3";"A";"0.3";"A";"0.3";"A";"0.3";"A";"0.3";"A"
"2001-T2";"0.2";"A";"0.2";"A";"0.2";"A";"0.2";"A";"0.2";"A";"0.2";"A";"0.2";"A";"0.2";"A";"0.2";"A";"0.1";"A";"0.1";"A";"0.1";"A";"0.1";"A";"0.1";"A";"0.1";"A";"0.1";"A";"0.1";"A";"0.2";"A";"0.2";"A"
"2001-T1";"0.5";"A";"0.5";"A";"0.5";"A";"0.5";"A";"0.5";"A";"0.5";"A";"0.5";"A";"0.5";"A";"0.5";"A";"0.5";"A";"0.5";"A";"0.5";"A";"0.5";"A";"0.5";"A";"0.5";"A";"0.5";"A";"0.5";"A";"0.5";"A";"0.5";"A"
"2000-T4";"0.6";"A";"0.6";"A";"0.6";"A";"0.6";"A";"0.6";"A";"0.6";"A";"0.6";"A";"0.6";"A";"0.6";"A";"0.8";"A";"0.8";"A";"0.8";"A";"0.8";"A";"0.8";"A";"0.8";"A";"0.8";"A";"0.8";"A";"0.8";"A";"0.8";"A"
"2000-T3";"0.8";"A";"0.8";"A";"0.8";"A";"0.8";"A";"0.8";"A";"0.8";"A";"0.8";"A";"0.8";"A";"0.8";"A";"0.7";"A";"0.7";"A";"0.7";"A";"0.7";"A";"0.7";"A";"0.7";"A";"0.7";"A";"0.7";"A";"0.6";"A";"0.6";"A"
"2000-T2";"1.0";"A";"1.0";"A";"1.0";"A";"1.0";"A";"1.0";"A";"1.0";"A";"1.0";"A";"1.0";"A";"1.0";"A";"1.0";"A";"1.0";"A";"1.0";"A";"1.0";"A";"1.0";"A";"1.0";"A";"1.0";"A";"1.1";"A";"1.0";"A";"1.0";"A"
"2000-T1";"0.8";"A";"0.8";"A";"0.8";"A";"0.8";"A";"0.8";"A";"0.8";"A";"0.8";"A";"0.8";"A";"0.8";"A";"1.0";"A";"1.0";"A";"1.0";"A";"1.0";"A";"1.0";"A";"1.0";"A";"1.0";"A";"1.0";"A";"0.9";"A";"0.9";"A"
"1999-T4";"1.3";"A";"1.3";"A";"1.3";"A";"1.3";"A";"1.3";"A";"1.4";"A";"1.4";"A";"1.4";"A";"1.4";"A";"1.4";"A";"1.4";"A";"1.4";"A";"1.4";"A";"1.4";"A";"1.4";"A";"1.4";"A";"1.4";"A";"1.4";"A";"1.4";"A"
"1999-T3";"1.5";"A";"1.5";"A";"1.5";"A";"1.5";"A";"1.5";"A";"1.5";"A";"1.5";"A";"1.5";"A";"1.5";"A";"1.1";"A";"1.1";"A";"1.1";"A";"1.1";"A";"1.1";"A";"1.1";"A";"1.1";"A";"1.1";"A";"1.2";"A";"1.2";"A"
"1999-T2";"0.6";"A";"0.6";"A";"0.6";"A";"0.6";"A";"0.6";"A";"0.6";"A";"0.6";"A";"0.6";"A";"0.6";"A";"0.3";"A";"0.3";"A";"0.3";"A";"0.3";"A";"0.3";"A";"0.3";"A";"0.3";"A";"0.3";"A";"0.8";"A";"0.8";"A"
"1999-T1";"0.7";"A";"0.7";"A";"0.7";"A";"0.7";"A";"0.7";"A";"0.7";"A";"0.7";"A";"0.7";"A";"0.7";"A";"1.1";"A";"1.1";"A";"1.1";"A";"1.1";"A";"1.1";"A";"1.1";"A";"1.1";"A";"1.1";"A";"0.5";"A";"0.5";"A"
"1998-T4";"0.7";"A";"0.7";"A";"0.7";"A";"0.7";"A";"0.7";"A";"0.7";"A";"0.7";"A";"0.7";"A";"0.7";"A";"0.7";"A";"0.7";"A";"0.7";"A";"0.7";"A";"0.7";"A";"0.7";"A";"0.7";"A";"0.6";"A";"0.8";"A";"0.8";"A"
"1998-T3";"0.6";"A";"0.6";"A";"0.6";"A";"0.6";"A";"0.6";"A";"0.6";"A";"0.6";"A";"0.6";"A";"0.6";"A";"0.7";"A";"0.7";"A";"0.7";"A";"0.7";"A";"0.7";"A";"0.7";"A";"0.7";"A";"0.7";"A";"0.7";"A";"0.7";"A"
"1998-T2";"0.8";"A";"0.8";"A";"0.8";"A";"0.8";"A";"0.8";"A";"0.8";"A";"0.8";"A";"0.8";"A";"0.8";"A";"0.8";"A";"0.8";"A";"0.8";"A";"0.8";"A";"0.8";"A";"0.8";"A";"0.8";"A";"0.8";"A";"0.9";"A";"0.9";"A"
"1998-T1";"1.0";"A";"1.0";"A";"1.0";"A";"1.0";"A";"1.0";"A";"1.0";"A";"1.0";"A";"1.0";"A";"1.0";"A";"0.9";"A";"0.9";"A";"0.9";"A";"0.9";"A";"0.9";"A";"0.9";"A";"0.9";"A";"0.9";"A";"0.8";"A";"0.8";"A"
"1997-T4";"1.0";"A";"1.0";"A";"1.0";"A";"1.0";"A";"1.0";"A";"1.0";"A";"1.1";"A";"1.1";"A";"1.1";"A";"1.0";"A";"1.0";"A";"1.0";"A";"1.0";"A";"1.0";"A";"1.0";"A";"1.0";"A";"1.0";"A";"1.1";"A";"1.1";"A"
"1997-T3";"1.0";"A";"1.0";"A";"1.0";"A";"1.0";"A";"1.0";"A";"1.0";"A";"0.9";"A";"0.9";"A";"0.9";"A";"1.0";"A";"1.0";"A";"1.0";"A";"1.0";"A";"1.0";"A";"1.0";"A";"1.0";"A";"1.0";"A";"0.8";"A";"0.8";"A"
"1997-T2";"1.0";"A";"1.0";"A";"1.0";"A";"1.0";"A";"1.0";"A";"1.0";"A";"1.0";"A";"1.0";"A";"1.0";"A";"1.0";"A";"1.0";"A";"1.0";"A";"1.0";"A";"1.0";"A";"1.0";"A";"1.0";"A";"1.0";"A";"1.1";"A";"1.2";"A"
"1997-T1";"0.3";"A";"0.3";"A";"0.3";"A";"0.3";"A";"0.3";"A";"0.3";"A";"0.3";"A";"0.3";"A";"0.3";"A";"0.3";"A";"0.3";"A";"0.3";"A";"0.3";"A";"0.3";"A";"0.3";"A";"0.3";"A";"0.3";"A";"0.3";"A";"0.3";"A"
"1996-T4";"0.3";"A";"0.3";"A";"0.3";"A";"0.3";"A";"0.3";"A";"0.3";"A";"0.3";"A";"0.3";"A";"0.3";"A";"0.3";"A";"0.3";"A";"0.3";"A";"0.3";"A";"0.3";"A";"0.3";"A";"0.3";"A";"0.2";"A";"0.1";"A";"0.1";"A"
"1996-T3";"0.4";"A";"0.4";"A";"0.4";"A";"0.4";"A";"0.4";"A";"0.4";"A";"0.4";"A";"0.4";"A";"0.4";"A";"0.5";"A";"0.5";"A";"0.5";"A";"0.5";"A";"0.5";"A";"0.5";"A";"0.5";"A";"0.5";"A";"0.6";"A";"0.6";"A"
"1996-T2";"0.1";"A";"0.1";"A";"0.1";"A";"0.1";"A";"0.1";"A";"0.1";"A";"0.1";"A";"0.1";"A";"0.1";"A";"0.1";"A";"0.1";"A";"0.1";"A";"0.1";"A";"0.1";"A";"0.1";"A";"0.1";"A";"0.1";"A";"0.2";"A";"0.2";"A"
"1996-T1";"0.7";"A";"0.7";"A";"0.7";"A";"0.7";"A";"0.7";"A";"0.7";"A";"0.7";"A";"0.7";"A";"0.7";"A";"0.7";"A";"0.7";"A";"0.7";"A";"0.7";"A";"0.7";"A";"0.7";"A";"0.7";"A";"0.7";"A";"0.6";"A";"0.6";"A"
"1995-T4";"0.0";"A";"0.0";"A";"0.0";"A";"0.0";"A";"0.0";"A";"0.0";"A";"0.0";"A";"0.0";"A";"0.0";"A";"0.0";"A";"0.0";"A";"0.0";"A";"0.0";"A";"0.0";"A";"0.0";"A";"0.0";"A";"0.0";"A";"0.2";"A";"0.2";"A"
"1995-T3";"0.2";"A";"0.2";"A";"0.2";"A";"0.2";"A";"0.2";"A";"0.2";"A";"0.2";"A";"0.2";"A";"0.2";"A";"0.2";"A";"0.2";"A";"0.2";"A";"0.2";"A";"0.2";"A";"0.2";"A";"0.2";"A";"0.2";"A";"0.1";"A";"0.1";"A"
"1995-T2";"0.6";"A";"0.6";"A";"0.6";"A";"0.6";"A";"0.6";"A";"0.6";"A";"0.6";"A";"0.6";"A";"0.6";"A";"0.6";"A";"0.6";"A";"0.6";"A";"0.6";"A";"0.6";"A";"0.6";"A";"0.6";"A";"0.6";"A";"0.5";"A";"0.5";"A"
"1995-T1";"0.3";"A";"0.3";"A";"0.3";"A";"0.3";"A";"0.3";"A";"0.3";"A";"0.3";"A";"0.3";"A";"0.3";"A";"0.3";"A";"0.3";"A";"0.3";"A";"0.3";"A";"0.3";"A";"0.3";"A";"0.3";"A";"0.4";"A";"0.6";"A";"0.6";"A"
"1994-T4";"0.9";"A";"0.9";"A";"0.9";"A";"0.9";"A";"0.9";"A";"0.9";"A";"0.9";"A";"0.9";"A";"0.9";"A";"0.9";"A";"0.9";"A";"0.9";"A";"0.9";"A";"0.9";"A";"0.9";"A";"0.9";"A";"0.9";"A";"0.9";"A";"0.9";"A"
"1994-T3";"0.9";"A";"0.9";"A";"0.9";"A";"0.9";"A";"0.9";"A";"0.9";"A";"0.9";"A";"0.9";"A";"0.9";"A";"0.9";"A";"0.9";"A";"0.9";"A";"0.9";"A";"0.9";"A";"0.9";"A";"0.9";"A";"0.9";"A";"0.5";"A";"0.5";"A"
"1994-T2";"1.0";"A";"1.0";"A";"1.0";"A";"1.0";"A";"1.0";"A";"1.0";"A";"1.0";"A";"1.0";"A";"1.0";"A";"1.0";"A";"1.0";"A";"1.0";"A";"1.0";"A";"1.0";"A";"1.0";"A";"1.0";"A";"1.0";"A";"1.1";"A";"1.1";"A"
"1994-T1";"0.7";"A";"0.7";"A";"0.7";"A";"0.6";"A";"0.7";"A";"0.7";"A";"0.7";"A";"0.7";"A";"0.7";"A";"0.7";"A";"0.7";"A";"0.7";"A";"0.7";"A";"0.7";"A";"0.7";"A";"0.7";"A";"0.7";"A";"0.7";"A";"0.7";"A"
"1993-T4";"0.3";"A";"0.3";"A";"0.3";"A";"0.3";"A";"0.3";"A";"0.3";"A";"0.3";"A";"0.3";"A";"0.3";"A";"0.2";"A";"0.2";"A";"0.2";"A";"0.2";"A";"0.2";"A";"0.2";"A";"0.2";"A";"0.2";"A";"0.3";"A";"0.3";"A"
"1993-T3";"0.1";"A";"0.1";"A";"0.1";"A";"0.1";"A";"0.1";"A";"0.1";"A";"0.1";"A";"0.1";"A";"0.1";"A";"0.2";"A";"0.2";"A";"0.2";"A";"0.2";"A";"0.2";"A";"0.2";"A";"0.2";"A";"0.2";"A";"0.1";"A";"0.1";"A"
"1993-T2";"-0.1";"A";"-0.1";"A";"-0.1";"A";"-0.1";"A";"-0.1";"A";"-0.1";"A";"-0.1";"A";"-0.1";"A";"-0.1";"A";"0.0";"A";"0.0";"A";"0.0";"A";"0.0";"A";"0.0";"A";"0.0";"A";"0.0";"A";"0.0";"A";"0.0";"A";"0.0";"A"
"1993-T1";"-0.6";"A";"-0.6";"A";"-0.6";"A";"-0.6";"A";"-0.6";"A";"-0.6";"A";"-0.6";"A";"-0.6";"A";"-0.6";"A";"-0.7";"A";"-0.7";"A";"-0.7";"A";"-0.7";"A";"-0.7";"A";"-0.7";"A";"-0.7";"A";"-0.6";"A";"-0.6";"A";"-0.6";"A"
"1992-T4";"-0.1";"A";"-0.1";"A";"-0.1";"A";"-0.1";"A";"-0.1";"A";"-0.1";"A";"-0.1";"A";"-0.1";"A";"-0.1";"A";"-0.2";"A";"-0.2";"A";"-0.2";"A";"-0.2";"A";"-0.2";"A";"-0.2";"A";"-0.2";"A";"-0.2";"A";"-0.2";"A";"-0.2";"A"
"1992-T3";"-0.2";"A";"-0.2";"A";"-0.2";"A";"-0.2";"A";"-0.2";"A";"-0.2";"A";"-0.2";"A";"-0.2";"A";"-0.2";"A";"-0.1";"A";"0.0";"A";"-0.1";"A";"0.0";"A";"0.0";"A";"0.0";"A";"0.0";"A";"-0.1";"A";"0.0";"A";"0.0";"A"
"1992-T2";"0.1";"A";"0.1";"A";"0.1";"A";"0.1";"A";"0.1";"A";"0.1";"A";"0.1";"A";"0.1";"A";"0.1";"A";"0.1";"A";"0.1";"A";"0.1";"A";"0.1";"A";"0.1";"A";"0.1";"A";"0.1";"A";"0.1";"A";"-0.1";"A";"-0.1";"A"
"1992-T1";"0.8";"A";"0.8";"A";"0.8";"A";"0.8";"A";"0.8";"A";"0.8";"A";"0.8";"A";"0.8";"A";"0.8";"A";"0.8";"A";"0.8";"A";"0.8";"A";"0.8";"A";"0.8";"A";"0.8";"A";"0.8";"A";"0.8";"A";"1.0";"A";"1.0";"A"
"1991-T4";"0.6";"A";"0.6";"A";"0.6";"A";"0.6";"A";"0.6";"A";"0.6";"A";"0.6";"A";"0.6";"A";"0.6";"A";"0.7";"A";"0.7";"A";"0.7";"A";"0.7";"A";"0.7";"A";"0.7";"A";"0.7";"A";"0.7";"A";"0.5";"A";"0.5";"A"
"1991-T3";"0.3";"A";"0.3";"A";"0.3";"A";"0.4";"A";"0.4";"A";"0.3";"A";"0.3";"A";"0.3";"A";"0.4";"A";"0.2";"A";"0.2";"A";"0.2";"A";"0.2";"A";"0.2";"A";"0.2";"A";"0.2";"A";"0.2";"A";"0.3";"A";"0.3";"A"
"1991-T2";"0.3";"A";"0.3";"A";"0.3";"A";"0.3";"A";"0.3";"A";"0.3";"A";"0.3";"A";"0.3";"A";"0.3";"A";"0.4";"A";"0.4";"A";"0.4";"A";"0.4";"A";"0.4";"A";"0.4";"A";"0.4";"A";"0.4";"A";"0.3";"A";"0.3";"A"
"1991-T1";"0.2";"A";"0.2";"A";"0.2";"A";"0.2";"A";"0.2";"A";"0.2";"A";"0.2";"A";"0.2";"A";"0.2";"A";"0.1";"A";"0.1";"A";"0.1";"A";"0.1";"A";"0.1";"A";"0.1";"A";"0.1";"A";"0.1";"A";"-0.2";"A";"-0.2";"A"
"1990-T4";"-0.2";"A";"-0.2";"A";"-0.2";"A";"-0.2";"A";"-0.2";"A";"-0.2";"A";"-0.2";"A";"-0.2";"A";"-0.2";"A";"0.0";"A";"0.0";"A";"0.0";"A";"0.0";"A";"0.0";"A";"0.0";"A";"0.0";"A";"0.0";"A";"0.4";"A";"0.4";"A"
"1990-T3";"0.6";"A";"0.6";"A";"0.6";"A";"0.6";"A";"0.6";"A";"0.6";"A";"0.6";"A";"0.6";"A";"0.6";"A";"0.5";"A";"0.5";"A";"0.5";"A";"0.5";"A";"0.5";"A";"0.5";"A";"0.5";"A";"0.5";"A";"0.5";"A";"0.5";"A"
"1990-T2";"0.5";"A";"0.5";"A";"0.5";"A";"0.5";"A";"0.5";"A";"0.5";"A";"0.5";"A";"0.5";"A";"0.5";"A";"0.5";"A";"0.5";"A";"0.5";"A";"0.5";"A";"0.5";"A";"0.5";"A";"0.5";"A";"0.5";"A";"0.4";"A";"0.4";"A"
"1990-T1";"0.3";"A";"0.3";"A";"0.3";"A";"0.3";"A";"0.3";"A";"0.3";"A";"0.3";"A";"0.3";"A";"0.3";"A";"0.4";"A";"0.4";"A";"0.4";"A";"0.4";"A";"0.4";"A";"0.4";"A";"0.4";"A";"0.4";"A";"0.5";"A";"0.5";"A"
"1989-T4";"1.4";"A";"1.4";"A";"1.4";"A";"1.4";"A";"1.4";"A";"1.4";"A";"1.4";"A";"1.4";"A";"1.4";"A";"1.3";"A";"1.3";"A";"1.3";"A";"1.3";"A";"1.3";"A";"1.3";"A";"1.3";"A";"1.3";"A";"1.5";"A";"1.5";"A"
"1989-T3";"1.1";"A";"1.1";"A";"1.1";"A";"1.1";"A";"1.1";"A";"1.1";"A";"1.1";"A";"1.1";"A";"1.1";"A";"1.1";"A";"1.1";"A";"1.1";"A";"1.1";"A";"1.1";"A";"1.1";"A";"1.1";"A";"1.1";"A";"1.1";"A";"1.1";"A"
"1989-T2";"1.2";"A";"1.2";"A";"1.2";"A";"1.2";"A";"1.2";"A";"1.2";"A";"1.2";"A";"1.2";"A";"1.2";"A";"1.2";"A";"1.2";"A";"1.2";"A";"1.2";"A";"1.2";"A";"1.2";"A";"1.2";"A";"1.2";"A";"0.8";"A";"0.8";"A"
"1989-T1";"1.2";"A";"1.2";"A";"1.2";"A";"1.2";"A";"1.2";"A";"1.2";"A";"1.2";"A";"1.2";"A";"1.2";"A";"1.2";"A";"1.2";"A";"1.2";"A";"1.2";"A";"1.2";"A";"1.2";"A";"1.2";"A";"1.2";"A";"1.3";"A";"1.3";"A"
"1988-T4";"0.8";"A";"0.8";"A";"0.8";"A";"0.8";"A";"0.8";"A";"0.8";"A";"0.8";"A";"0.8";"A";"0.8";"A";"0.9";"A";"0.9";"A";"0.9";"A";"0.9";"A";"0.9";"A";"0.9";"A";"0.9";"A";"0.9";"A";"1.1";"A";"1.1";"A"
"1988-T3";"1.3";"A";"1.3";"A";"1.3";"A";"1.3";"A";"1.3";"A";"1.3";"A";"1.3";"A";"1.3";"A";"1.3";"A";"1.3";"A";"1.3";"A";"1.3";"A";"1.3";"A";"1.3";"A";"1.3";"A";"1.3";"A";"1.3";"A";"1.3";"A";"1.3";"A"
"1988-T2";"0.8";"A";"0.8";"A";"0.8";"A";"0.8";"A";"0.8";"A";"0.8";"A";"0.8";"A";"0.8";"A";"0.8";"A";"0.8";"A";"0.8";"A";"0.8";"A";"0.8";"A";"0.8";"A";"0.8";"A";"0.8";"A";"0.8";"A";"0.6";"A";"0.6";"A"
"1988-T1";"1.2";"A";"1.2";"A";"1.2";"A";"1.2";"A";"1.2";"A";"1.2";"A";"1.2";"A";"1.2";"A";"1.2";"A";"1.2";"A";"1.2";"A";"1.2";"A";"1.2";"A";"1.2";"A";"1.2";"A";"1.2";"A";"1.3";"A";"1.2";"A";"1.2";"A"
"1987-T4";"1.5";"A";"1.5";"A";"1.5";"A";"1.5";"A";"1.5";"A";"1.5";"A";"1.5";"A";"1.5";"A";"1.5";"A";"1.4";"A";"1.4";"A";"1.4";"A";"1.4";"A";"1.4";"A";"1.4";"A";"1.4";"A";"1.4";"A";"1.7";"A";"1.7";"A"
"1987-T3";"0.7";"A";"0.7";"A";"0.7";"A";"0.7";"A";"0.7";"A";"0.7";"A";"0.7";"A";"0.7";"A";"0.7";"A";"0.7";"A";"0.7";"A";"0.7";"A";"0.7";"A";"0.7";"A";"0.7";"A";"0.7";"A";"0.7";"A";"0.7";"A";"0.7";"A"
"1987-T2";"1.5";"A";"1.5";"A";"1.5";"A";"1.5";"A";"1.5";"A";"1.5";"A";"1.5";"A";"1.5";"A";"1.5";"A";"1.5";"A";"1.5";"A";"1.5";"A";"1.5";"A";"1.5";"A";"1.5";"A";"1.5";"A";"1.5";"A";"1.1";"A";"1.2";"A"
"1987-T1";"0.1";"A";"0.1";"A";"0.1";"A";"0.1";"A";"0.1";"A";"0.1";"A";"0.1";"A";"0.1";"A";"0.1";"A";"0.1";"A";"0.1";"A";"0.1";"A";"0.1";"A";"0.1";"A";"0.1";"A";"0.1";"A";"0.2";"A";"0.3";"A";"0.2";"A"
"1986-T4";"0.1";"A";"0.1";"A";"0.1";"A";"0.1";"A";"0.1";"A";"0.1";"A";"0.1";"A";"0.1";"A";"0.1";"A";"0.1";"A";"0.1";"A";"0.1";"A";"0.1";"A";"0.1";"A";"0.1";"A";"0.1";"A";"0.1";"A";"0.4";"A";"0.4";"A"
"1986-T3";"0.5";"A";"0.5";"A";"0.5";"A";"0.5";"A";"0.5";"A";"0.5";"A";"0.5";"A";"0.5";"A";"0.5";"A";"0.5";"A";"0.5";"A";"0.5";"A";"0.5";"A";"0.5";"A";"0.5";"A";"0.5";"A";"0.5";"A";"0.3";"A";"0.3";"A"
"1986-T2";"1.1";"A";"1.1";"A";"1.1";"A";"1.1";"A";"1.1";"A";"1.1";"A";"1.1";"A";"1.1";"A";"1.1";"A";"1.1";"A";"1.1";"A";"1.1";"A";"1.1";"A";"1.1";"A";"1.1";"A";"1.1";"A";"1.1";"A";"1.1";"A";"1.1";"A"
"1986-T1";"0.3";"A";"0.3";"A";"0.3";"A";"0.3";"A";"0.3";"A";"0.3";"A";"0.3";"A";"0.3";"A";"0.3";"A";"0.4";"A";"0.4";"A";"0.4";"A";"0.4";"A";"0.4";"A";"0.4";"A";"0.4";"A";"0.3";"A";"0.4";"A";"0.4";"A"
"1985-T4";"0.5";"A";"0.5";"A";"0.5";"A";"0.5";"A";"0.5";"A";"0.5";"A";"0.5";"A";"0.5";"A";"0.5";"A";"0.4";"A";"0.4";"A";"0.4";"A";"0.4";"A";"0.4";"A";"0.4";"A";"0.4";"A";"0.4";"A";"0.3";"A";"0.3";"A"
"1985-T3";"0.5";"A";"0.5";"A";"0.5";"A";"0.5";"A";"0.5";"A";"0.5";"A";"0.5";"A";"0.5";"A";"0.5";"A";"0.5";"A";"0.5";"A";"0.5";"A";"0.5";"A";"0.5";"A";"0.5";"A";"0.5";"A";"0.6";"A";"0.8";"A";"0.8";"A"
"1985-T2";"0.9";"A";"0.9";"A";"0.9";"A";"0.9";"A";"0.9";"A";"0.9";"A";"0.9";"A";"0.9";"A";"0.9";"A";"0.9";"A";"0.9";"A";"0.9";"A";"0.9";"A";"0.9";"A";"0.9";"A";"0.9";"A";"0.9";"A";"0.6";"A";"0.6";"A"
"1985-T1";"0.3";"A";"0.3";"A";"0.3";"A";"0.3";"A";"0.3";"A";"0.3";"A";"0.3";"A";"0.3";"A";"0.3";"A";"0.3";"A";"0.3";"A";"0.3";"A";"0.3";"A";"0.3";"A";"0.3";"A";"0.3";"A";"0.3";"A";"0.1";"A";"0.1";"A"
"1984-T4";"-0.1";"A";"-0.1";"A";"-0.1";"A";"-0.1";"A";"-0.1";"A";"-0.1";"A";"-0.1";"A";"-0.1";"A";"-0.1";"A";"-0.1";"A";"-0.1";"A";"-0.1";"A";"-0.1";"A";"-0.1";"A";"-0.1";"A";"-0.1";"A";"-0.1";"A";"0.3";"A";"0.3";"A"
"1984-T3";"0.7";"A";"0.7";"A";"0.7";"A";"0.7";"A";"0.7";"A";"0.7";"A";"0.7";"A";"0.7";"A";"0.7";"A";"0.7";"A";"0.7";"A";"0.7";"A";"0.7";"A";"0.7";"A";"0.7";"A";"0.7";"A";"0.7";"A";"0.5";"A";"0.5";"A"
"1984-T2";"0.5";"A";"0.5";"A";"0.5";"A";"0.5";"A";"0.5";"A";"0.5";"A";"0.5";"A";"0.5";"A";"0.5";"A";"0.4";"A";"0.4";"A";"0.4";"A";"0.4";"A";"0.4";"A";"0.4";"A";"0.4";"A";"0.4";"A";"0.4";"A";"0.4";"A"
"1984-T1";"0.4";"A";"0.4";"A";"0.4";"A";"0.4";"A";"0.4";"A";"0.4";"A";"0.4";"A";"0.4";"A";"0.4";"A";"0.4";"A";"0.4";"A";"0.4";"A";"0.4";"A";"0.4";"A";"0.4";"A";"0.4";"A";"0.4";"A";"0.6";"A";"0.6";"A"
"1983-T4";"0.6";"A";"0.6";"A";"0.6";"A";"0.6";"A";"0.6";"A";"0.6";"A";"0.6";"A";"0.6";"A";"0.6";"A";"0.6";"A";"0.6";"A";"0.6";"A";"0.6";"A";"0.6";"A";"0.6";"A";"0.6";"A";"0.6";"A";"0.6";"A";"0.6";"A"
"1983-T3";"0.1";"A";"0.1";"A";"0.1";"A";"0.1";"A";"0.1";"A";"0.1";"A";"0.2";"A";"0.2";"A";"0.1";"A";"0.1";"A";"0.1";"A";"0.1";"A";"0.1";"A";"0.1";"A";"0.1";"A";"0.1";"A";"0.1";"A";"0.1";"A";"0.1";"A"
"1983-T2";"0.0";"A";"0.0";"A";"0.0";"A";"0.0";"A";"0.0";"A";"0.0";"A";"0.0";"A";"0.0";"A";"0.0";"A";"0.0";"A";"0.0";"A";"0.0";"A";"0.0";"A";"0.0";"A";"0.0";"A";"0.0";"A";"0.0";"A";"0.0";"A";"0.0";"A"
"1983-T1";"0.4";"A";"0.4";"A";"0.4";"A";"0.4";"A";"0.4";"A";"0.4";"A";"0.4";"A";"0.4";"A";"0.4";"A";"0.4";"A";"0.4";"A";"0.4";"A";"0.4";"A";"0.4";"A";"0.4";"A";"0.4";"A";"0.4";"A";"0.6";"A";"0.6";"A"
"1982-T4";"0.6";"A";"0.6";"A";"0.6";"A";"0.6";"A";"0.6";"A";"0.6";"A";"0.6";"A";"0.6";"A";"0.6";"A";"0.6";"A";"0.6";"A";"0.6";"A";"0.6";"A";"0.6";"A";"0.6";"A";"0.6";"A";"0.6";"A";"0.5";"A";"0.5";"A"
"1982-T3";"0.0";"A";"0.0";"A";"0.0";"A";"0.0";"A";"0.0";"A";"0.0";"A";"0.0";"A";"0.0";"A";"0.0";"A";"0.0";"A";"0.0";"A";"0.0";"A";"0.0";"A";"0.0";"A";"0.0";"A";"0.0";"A";"0.0";"A";"0.0";"A";"0.1";"A"
"1982-T2";"0.7";"A";"0.7";"A";"0.7";"A";"0.7";"A";"0.7";"A";"0.7";"A";"0.7";"A";"0.7";"A";"0.7";"A";"0.7";"A";"0.7";"A";"0.7";"A";"0.7";"A";"0.7";"A";"0.7";"A";"0.7";"A";"0.7";"A";"0.7";"A";"0.7";"A"
"1982-T1";"0.8";"A";"0.8";"A";"0.8";"A";"0.8";"A";"0.8";"A";"0.8";"A";"0.9";"A";"0.9";"A";"0.9";"A";"0.8";"A";"0.8";"A";"0.8";"A";"0.8";"A";"0.8";"A";"0.8";"A";"0.8";"A";"0.8";"A";"0.9";"A";"0.9";"A"
"1981-T4";"0.6";"A";"0.6";"A";"0.6";"A";"0.6";"A";"0.6";"A";"0.6";"A";"0.6";"A";"0.6";"A";"0.6";"A";"0.6";"A";"0.6";"A";"0.6";"A";"0.6";"A";"0.6";"A";"0.6";"A";"0.6";"A";"0.6";"A";"0.5";"A";"0.5";"A"
"1981-T3";"0.7";"A";"0.7";"A";"0.7";"A";"0.7";"A";"0.7";"A";"0.7";"A";"0.7";"A";"0.7";"A";"0.7";"A";"0.7";"A";"0.7";"A";"0.7";"A";"0.7";"A";"0.7";"A";"0.7";"A";"0.7";"A";"0.7";"A";"0.7";"A";"0.7";"A"
"1981-T2";"0.7";"A";"0.7";"A";"0.7";"A";"0.7";"A";"0.7";"A";"0.7";"A";"0.7";"A";"0.7";"A";"0.7";"A";"0.7";"A";"0.7";"A";"0.7";"A";"0.7";"A";"0.7";"A";"0.7";"A";"0.7";"A";"0.7";"A";"0.7";"A";"0.7";"A"
"1981-T1";"0.3";"A";"0.3";"A";"0.3";"A";"0.3";"A";"0.3";"A";"0.3";"A";"0.3";"A";"0.3";"A";"0.3";"A";"0.3";"A";"0.3";"A";"0.3";"A";"0.3";"A";"0.3";"A";"0.3";"A";"0.3";"A";"0.3";"A";"0.4";"A";"0.4";"A"
"1980-T4";"-0.2";"A";"-0.2";"A";"-0.2";"A";"-0.2";"A";"-0.2";"A";"-0.2";"A";"-0.2";"A";"-0.2";"A";"-0.2";"A";"-0.2";"A";"-0.2";"A";"-0.2";"A";"-0.2";"A";"-0.2";"A";"-0.2";"A";"-0.2";"A";"-0.2";"A";"-0.1";"A";"-0.1";"A"
"1980-T3";"0.1";"A";"0.1";"A";"0.1";"A";"0.1";"A";"0.1";"A";"0.1";"A";"0.2";"A";"0.2";"A";"0.1";"A";"0.2";"A";"0.2";"A";"0.2";"A";"0.2";"A";"0.2";"A";"0.2";"A";"0.2";"A";"0.2";"A";"-0.1";"A";"-0.1";"A"
"1980-T2";"-0.8";"A";"-0.8";"A";"-0.8";"A";"-0.8";"A";"-0.8";"A";"-0.8";"A";"-0.8";"A";"-0.8";"A";"-0.8";"A";"-0.7";"A";"-0.7";"A";"-0.7";"A";"-0.7";"A";"-0.7";"A";"-0.7";"A";"-0.7";"A";"-0.7";"A";"-0.6";"A";"-0.6";"A"
"1980-T1";"1.0";"A";"1.0";"A";"1.0";"A";"1.0";"A";"1.0";"A";"1.0";"A";"1.0";"A";"1.0";"A";"1.0";"A";"1.0";"A";"1.0";"A";"1.0";"A";"1.0";"A";"1.0";"A";"1.0";"A";"1.0";"A";"1.0";"A";"0.9";"A";"0.9";"A"
"1979-T4";"0.3";"A";"0.3";"A";"0.3";"A";"0.3";"A";"0.3";"A";"0.3";"A";"0.3";"A";"0.3";"A";"0.3";"A";"0.3";"A";"0.3";"A";"0.3";"A";"0.3";"A";"0.3";"A";"0.3";"A";"0.3";"A";"0.3";"A";"0.3";"A";"0.3";"A"
"1979-T3";"1.3";"A";"1.3";"A";"1.3";"A";"1.3";"A";"1.3";"A";"1.3";"A";"1.3";"A";"1.3";"A";"1.3";"A";"1.3";"A";"1.3";"A";"1.3";"A";"1.3";"A";"1.3";"A";"1.3";"A";"1.3";"A";"1.3";"A";"1.3";"A";"1.3";"A"
"1979-T2";"0.4";"A";"0.4";"A";"0.4";"A";"0.4";"A";"0.4";"A";"0.4";"A";"0.4";"A";"0.4";"A";"0.4";"A";"0.4";"A";"0.4";"A";"0.4";"A";"0.4";"A";"0.4";"A";"0.4";"A";"0.4";"A";"0.4";"A";"0.4";"A";"0.4";"A"
"1979-T1";"1.1";"A";"1.1";"A";"1.1";"A";"1.1";"A";"1.1";"A";"1.1";"A";"1.1";"A";"1.1";"A";"1.1";"A";"1.1";"A";"1.1";"A";"1.1";"A";"1.1";"A";"1.1";"A";"1.1";"A";"1.1";"A";"1.1";"A";"1.1";"A";"1.1";"A"
"1978-T4";"1.1";"A";"1.1";"A";"1.1";"A";"1.1";"A";"1.1";"A";"1.1";"A";"1.1";"A";"1.1";"A";"1.1";"A";"1.1";"A";"1.1";"A";"1.1";"A";"1.1";"A";"1.1";"A";"1.1";"A";"1.1";"A";"1.1";"A";"1.1";"A";"1.1";"A"
"1978-T3";"0.6";"A";"0.6";"A";"0.6";"A";"0.6";"A";"0.6";"A";"0.6";"A";"0.6";"A";"0.6";"A";"0.6";"A";"0.6";"A";"0.6";"A";"0.6";"A";"0.6";"A";"0.6";"A";"0.6";"A";"0.6";"A";"0.6";"A";"0.6";"A";"0.6";"A"
"1978-T2";"1.1";"A";"1.1";"A";"1.1";"A";"1.1";"A";"1.1";"A";"1.1";"A";"1.1";"A";"1.1";"A";"1.1";"A";"1.1";"A";"1.1";"A";"1.1";"A";"1.1";"A";"1.1";"A";"1.1";"A";"1.1";"A";"1.1";"A";"1.1";"A";"1.1";"A"
"1978-T1";"1.4";"A";"1.4";"A";"1.4";"A";"1.4";"A";"1.4";"A";"1.4";"A";"1.4";"A";"1.4";"A";"1.4";"A";"1.4";"A";"1.4";"A";"1.4";"A";"1.4";"A";"1.4";"A";"1.4";"A";"1.4";"A";"1.4";"A";"1.4";"A";"1.4";"A"
"1977-T4";"0.8";"A";"0.8";"A";"0.8";"A";"0.8";"A";"0.8";"A";"0.8";"A";"0.8";"A";"0.8";"A";"0.8";"A";"0.8";"A";"0.8";"A";"0.8";"A";"0.8";"A";"0.8";"A";"0.8";"A";"0.8";"A";"0.8";"A";"0.8";"A";"0.8";"A"
"1977-T3";"0.8";"A";"0.8";"A";"0.8";"A";"0.8";"A";"0.8";"A";"0.8";"A";"0.8";"A";"0.8";"A";"0.8";"A";"0.8";"A";"0.8";"A";"0.8";"A";"0.8";"A";"0.8";"A";"0.8";"A";"0.8";"A";"0.8";"A";"0.8";"A";"0.8";"A"
"1977-T2";"0.4";"A";"0.4";"A";"0.4";"A";"0.4";"A";"0.4";"A";"0.4";"A";"0.4";"A";"0.4";"A";"0.4";"A";"0.4";"A";"0.4";"A";"0.4";"A";"0.4";"A";"0.4";"A";"0.4";"A";"0.4";"A";"0.4";"A";"0.4";"A";"0.4";"A"
"1977-T1";"1.1";"A";"1.1";"A";"1.1";"A";"1.1";"A";"1.1";"A";"1.1";"A";"1.1";"A";"1.1";"A";"1.1";"A";"1.1";"A";"1.1";"A";"1.1";"A";"1.1";"A";"1.1";"A";"1.1";"A";"1.1";"A";"1.1";"A";"1.1";"A";"1.1";"A"
"1976-T4";"0.7";"A";"0.7";"A";"0.7";"A";"0.7";"A";"0.7";"A";"0.7";"A";"0.7";"A";"0.7";"A";"0.7";"A";"0.7";"A";"0.7";"A";"0.7";"A";"0.7";"A";"0.7";"A";"0.7";"A";"0.7";"A";"0.7";"A";"0.7";"A";"0.7";"A"
"1976-T3";"1.2";"A";"1.2";"A";"1.2";"A";"1.2";"A";"1.2";"A";"1.2";"A";"1.2";"A";"1.2";"A";"1.2";"A";"1.2";"A";"1.2";"A";"1.2";"A";"1.2";"A";"1.2";"A";"1.2";"A";"1.2";"A";"1.2";"A";"1.2";"A";"1.2";"A"
"1976-T2";"1.4";"A";"1.4";"A";"1.4";"A";"1.4";"A";"1.4";"A";"1.4";"A";"1.4";"A";"1.4";"A";"1.4";"A";"1.4";"A";"1.4";"A";"1.4";"A";"1.4";"A";"1.4";"A";"1.4";"A";"1.4";"A";"1.4";"A";"1.4";"A";"1.4";"A"
"1976-T1";"1.0";"A";"1.0";"A";"1.0";"A";"1.0";"A";"1.0";"A";"1.0";"A";"1.0";"A";"1.0";"A";"1.0";"A";"1.0";"A";"1.0";"A";"1.0";"A";"1.0";"A";"1.0";"A";"1.0";"A";"1.0";"A";"1.0";"A";"1.0";"A";"1.0";"A"
"1975-T4";"2.1";"A";"2.1";"A";"2.1";"A";"2.1";"A";"2.1";"A";"2.1";"A";"2.1";"A";"2.1";"A";"2.1";"A";"2.1";"A";"2.1";"A";"2.1";"A";"2.1";"A";"2.1";"A";"2.1";"A";"2.1";"A";"2.1";"A";"2.1";"A";"2.1";"A"
"1975-T3";"0.0";"A";"0.0";"A";"0.0";"A";"0.0";"A";"0.0";"A";"0.0";"A";"0.0";"A";"0.0";"A";"0.0";"A";"0.0";"A";"0.0";"A";"0.0";"A";"0.0";"A";"0.0";"A";"0.0";"A";"0.0";"A";"0.0";"A";"0.0";"A";"0.0";"A"
"1975-T2";"0.0";"A";"0.0";"A";"0.0";"A";"0.0";"A";"0.0";"A";"0.0";"A";"0.0";"A";"0.0";"A";"0.0";"A";"0.0";"A";"0.0";"A";"0.0";"A";"0.0";"A";"0.0";"A";"0.0";"A";"0.0";"A";"0.0";"A";"0.0";"A";"0.0";"A"
"1975-T1";"-0.8";"A";"-0.8";"A";"-0.8";"A";"-0.8";"A";"-0.8";"A";"-0.8";"A";"-0.8";"A";"-0.8";"A";"-0.8";"A";"-0.8";"A";"-0.8";"A";"-0.8";"A";"-0.8";"A";"-0.8";"A";"-0.8";"A";"-0.8";"A";"-0.8";"A";"-0.8";"A";"-0.8";"A"
"1974-T4";"-1.8";"A";"-1.8";"A";"-1.8";"A";"-1.8";"A";"-1.8";"A";"-1.8";"A";"-1.8";"A";"-1.8";"A";"-1.8";"A";"-1.8";"A";"-1.8";"A";"-1.8";"A";"-1.8";"A";"-1.8";"A";"-1.8";"A";"-1.8";"A";"-1.8";"A";"-1.8";"A";"-1.8";"A"
"1974-T3";"1.1";"A";"1.1";"A";"1.1";"A";"1.1";"A";"1.1";"A";"1.1";"A";"1.1";"A";"1.1";"A";"1.1";"A";"1.1";"A";"1.1";"A";"1.1";"A";"1.1";"A";"1.1";"A";"1.1";"A";"1.1";"A";"1.1";"A";"1.1";"A";"1.1";"A"
"1974-T2";"0.7";"A";"0.7";"A";"0.7";"A";"0.7";"A";"0.7";"A";"0.7";"A";"0.7";"A";"0.7";"A";"0.7";"A";"0.7";"A";"0.7";"A";"0.7";"A";"0.7";"A";"0.7";"A";"0.7";"A";"0.7";"A";"0.7";"A";"0.7";"A";"0.7";"A"
"1974-T1";"1.6";"A";"1.6";"A";"1.6";"A";"1.6";"A";"1.6";"A";"1.6";"A";"1.6";"A";"1.6";"A";"1.6";"A";"1.6";"A";"1.6";"A";"1.6";"A";"1.6";"A";"1.6";"A";"1.6";"A";"1.6";"A";"1.6";"A";"1.6";"A";"1.6";"A"
"1973-T4";"1.2";"A";"1.2";"A";"1.2";"A";"1.2";"A";"1.2";"A";"1.2";"A";"1.2";"A";"1.2";"A";"1.2";"A";"1.2";"A";"1.2";"A";"1.2";"A";"1.2";"A";"1.2";"A";"1.2";"A";"1.2";"A";"1.2";"A";"1.2";"A";"1.2";"A"
"1973-T3";"1.5";"A";"1.5";"A";"1.5";"A";"1.5";"A";"1.5";"A";"1.5";"A";"1.5";"A";"1.5";"A";"1.5";"A";"1.5";"A";"1.5";"A";"1.5";"A";"1.5";"A";"1.5";"A";"1.5";"A";"1.5";"A";"1.5";"A";"1.5";"A";"1.5";"A"
"1973-T2";"1.4";"A";"1.4";"A";"1.4";"A";"1.4";"A";"1.4";"A";"1.4";"A";"1.4";"A";"1.4";"A";"1.4";"A";"1.4";"A";"1.4";"A";"1.4";"A";"1.4";"A";"1.4";"A";"1.4";"A";"1.4";"A";"1.4";"A";"1.4";"A";"1.4";"A"
"1973-T1";"1.8";"A";"1.8";"A";"1.8";"A";"1.8";"A";"1.8";"A";"1.8";"A";"1.8";"A";"1.8";"A";"1.8";"A";"1.8";"A";"1.8";"A";"1.8";"A";"1.8";"A";"1.8";"A";"1.8";"A";"1.8";"A";"1.8";"A";"1.8";"A";"1.8";"A"
"1972-T4";"1.6";"A";"1.6";"A";"1.6";"A";"1.6";"A";"1.6";"A";"1.6";"A";"1.6";"A";"1.6";"A";"1.6";"A";"1.6";"A";"1.6";"A";"1.6";"A";"1.6";"A";"1.6";"A";"1.6";"A";"1.6";"A";"1.6";"A";"1.6";"A";"1.6";"A"
"1972-T3";"1.4";"A";"1.4";"A";"1.4";"A";"1.4";"A";"1.4";"A";"1.4";"A";"1.4";"A";"1.4";"A";"1.4";"A";"1.4";"A";"1.4";"A";"1.4";"A";"1.4";"A";"1.4";"A";"1.4";"A";"1.4";"A";"1.4";"A";"1.4";"A";"1.4";"A"
"1972-T2";"0.7";"A";"0.7";"A";"0.7";"A";"0.7";"A";"0.7";"A";"0.7";"A";"0.7";"A";"0.7";"A";"0.7";"A";"0.7";"A";"0.7";"A";"0.7";"A";"0.7";"A";"0.7";"A";"0.7";"A";"0.7";"A";"0.7";"A";"0.7";"A";"0.7";"A"
"1972-T1";"1.1";"A";"1.1";"A";"1.1";"A";"1.1";"A";"1.1";"A";"1.1";"A";"1.1";"A";"1.1";"A";"1.1";"A";"1.1";"A";"1.1";"A";"1.1";"A";"1.1";"A";"1.1";"A";"1.1";"A";"1.1";"A";"1.1";"A";"1.1";"A";"1.1";"A"
"1971-T4";"1.0";"A";"1.0";"A";"1.0";"A";"1.0";"A";"1.0";"A";"1.0";"A";"1.0";"A";"1.0";"A";"1.0";"A";"1.0";"A";"1.0";"A";"1.0";"A";"1.0";"A";"1.0";"A";"1.0";"A";"1.0";"A";"1.0";"A";"1.0";"A";"1.0";"A"
"1971-T3";"1.3";"A";"1.3";"A";"1.3";"A";"1.3";"A";"1.3";"A";"1.3";"A";"1.3";"A";"1.3";"A";"1.3";"A";"1.3";"A";"1.3";"A";"1.3";"A";"1.3";"A";"1.3";"A";"1.3";"A";"1.3";"A";"1.3";"A";"1.3";"A";"1.3";"A"
"1971-T2";"1.1";"A";"1.1";"A";"1.1";"A";"1.1";"A";"1.1";"A";"1.1";"A";"1.1";"A";"1.1";"A";"1.1";"A";"1.1";"A";"1.1";"A";"1.1";"A";"1.1";"A";"1.1";"A";"1.1";"A";"1.1";"A";"1.1";"A";"1.1";"A";"1.1";"A"
"1971-T1";"1.6";"A";"1.6";"A";"1.6";"A";"1.6";"A";"1.6";"A";"1.6";"A";"1.6";"A";"1.6";"A";"1.6";"A";"1.6";"A";"1.6";"A";"1.6";"A";"1.6";"A";"1.6";"A";"1.6";"A";"1.6";"A";"1.6";"A";"1.6";"A";"1.6";"A"
"1970-T4";"1.3";"A";"1.3";"A";"1.3";"A";"1.3";"A";"1.3";"A";"1.3";"A";"1.3";"A";"1.3";"A";"1.3";"A";"1.3";"A";"1.3";"A";"1.3";"A";"1.3";"A";"1.3";"A";"1.3";"A";"1.3";"A";"1.3";"A";"1.3";"A";"1.3";"A"
"1970-T3";"1.1";"A";"1.1";"A";"1.1";"A";"1.1";"A";"1.1";"A";"1.1";"A";"1.1";"A";"1.1";"A";"1.1";"A";"1.1";"A";"1.1";"A";"1.1";"A";"1.1";"A";"1.1";"A";"1.1";"A";"1.1";"A";"1.1";"A";"1.1";"A";"1.1";"A"
"1970-T2";"1.8";"A";"1.8";"A";"1.8";"A";"1.8";"A";"1.8";"A";"1.8";"A";"1.8";"A";"1.8";"A";"1.8";"A";"1.8";"A";"1.8";"A";"1.8";"A";"1.8";"A";"1.8";"A";"1.8";"A";"1.8";"A";"1.8";"A";"1.8";"A";"1.8";"A"
"1970-T1";"1.5";"A";"1.5";"A";"1.5";"A";"1.5";"A";"1.5";"A";"1.5";"A";"1.5";"A";"1.5";"A";"1.5";"A";"1.5";"A";"1.5";"A";"1.5";"A";"1.5";"A";"1.5";"A";"1.5";"A";"1.5";"A";"1.5";"A";"1.5";"A";"1.5";"A"
"1969-T4";"1.5";"A";"1.5";"A";"1.5";"A";"1.5";"A";"1.5";"A";"1.5";"A";"1.5";"A";"1.5";"A";"1.5";"A";"1.5";"A";"1.5";"A";"1.5";"A";"1.5";"A";"1.5";"A";"1.5";"A";"1.5";"A";"1.5";"A";"1.5";"A";"1.5";"A"
"1969-T3";"1.4";"A";"1.4";"A";"1.4";"A";"1.4";"A";"1.4";"A";"1.4";"A";"1.4";"A";"1.4";"A";"1.4";"A";"1.4";"A";"1.4";"A";"1.4";"A";"1.4";"A";"1.4";"A";"1.4";"A";"1.4";"A";"1.4";"A";"1.4";"A";"1.4";"A"
"1969-T2";"2.1";"A";"2.1";"A";"2.1";"A";"2.1";"A";"2.1";"A";"2.1";"A";"2.1";"A";"2.1";"A";"2.1";"A";"2.1";"A";"2.1";"A";"2.1";"A";"2.1";"A";"2.1";"A";"2.1";"A";"2.1";"A";"2.1";"A";"2.1";"A";"2.1";"A"
"1969-T1";"0.9";"A";"0.9";"A";"0.9";"A";"0.9";"A";"0.9";"A";"0.9";"A";"0.9";"A";"0.9";"A";"0.9";"A";"0.9";"A";"0.9";"A";"0.9";"A";"0.9";"A";"0.9";"A";"0.9";"A";"0.9";"A";"0.9";"A";"0.9";"A";"0.9";"A"
"1968-T4";"1.1";"A";"1.1";"A";"1.1";"A";"1.1";"A";"1.1";"A";"1.1";"A";"1.1";"A";"1.1";"A";"1.1";"A";"1.1";"A";"1.1";"A";"1.1";"A";"1.1";"A";"1.1";"A";"1.1";"A";"1.1";"A";"1.1";"A";"1.1";"A";"1.1";"A"
"1968-T3";"8.0";"A";"8.0";"A";"8.0";"A";"8.0";"A";"8.0";"A";"8.0";"A";"8.0";"A";"8.0";"A";"8.0";"A";"8.0";"A";"8.0";"A";"8.0";"A";"8.0";"A";"8.0";"A";"8.0";"A";"8.0";"A";"8.0";"A";"8.0";"A";"8.0";"A"
"1968-T2";"-5.3";"A";"-5.3";"A";"-5.3";"A";"-5.3";"A";"-5.3";"A";"-5.3";"A";"-5.3";"A";"-5.3";"A";"-5.3";"A";"-5.3";"A";"-5.3";"A";"-5.3";"A";"-5.3";"A";"-5.3";"A";"-5.3";"A";"-5.3";"A";"-5.3";"A";"-5.3";"A";"-5.3";"A"
"1968-T1";"2.7";"A";"2.7";"A";"2.7";"A";"2.7";"A";"2.7";"A";"2.7";"A";"2.7";"A";"2.7";"A";"2.7";"A";"2.7";"A";"2.7";"A";"2.7";"A";"2.7";"A";"2.7";"A";"2.7";"A";"2.7";"A";"2.7";"A";"2.7";"A";"2.7";"A"
"1967-T4";"1.0";"A";"1.0";"A";"1.0";"A";"1.0";"A";"1.0";"A";"1.0";"A";"1.0";"A";"1.0";"A";"1.0";"A";"1.0";"A";"1.0";"A";"1.0";"A";"1.0";"A";"1.0";"A";"1.0";"A";"1.0";"A";"1.0";"A";"1.0";"A";"1.0";"A"
"1967-T3";"1.1";"A";"1.1";"A";"1.1";"A";"1.1";"A";"1.1";"A";"1.1";"A";"1.1";"A";"1.1";"A";"1.1";"A";"1.1";"A";"1.1";"A";"1.1";"A";"1.1";"A";"1.1";"A";"1.1";"A";"1.1";"A";"1.1";"A";"1.1";"A";"1.1";"A"
"1967-T2";"1.2";"A";"1.2";"A";"1.2";"A";"1.2";"A";"1.2";"A";"1.2";"A";"1.2";"A";"1.2";"A";"1.2";"A";"1.2";"A";"1.2";"A";"1.2";"A";"1.2";"A";"1.2";"A";"1.2";"A";"1.2";"A";"1.2";"A";"1.2";"A";"1.2";"A"
"1967-T1";"1.7";"A";"1.7";"A";"1.7";"A";"1.7";"A";"1.7";"A";"1.7";"A";"1.7";"A";"1.7";"A";"1.7";"A";"1.7";"A";"1.7";"A";"1.7";"A";"1.7";"A";"1.7";"A";"1.7";"A";"1.7";"A";"1.7";"A";"1.7";"A";"1.7";"A"
"1966-T4";"0.6";"A";"0.6";"A";"0.6";"A";"0.6";"A";"0.6";"A";"0.6";"A";"0.6";"A";"0.6";"A";"0.6";"A";"0.6";"A";"0.6";"A";"0.6";"A";"0.6";"A";"0.6";"A";"0.6";"A";"0.6";"A";"0.6";"A";"0.6";"A";"0.6";"A"
"1966-T3";"1.2";"A";"1.2";"A";"1.2";"A";"1.2";"A";"1.2";"A";"1.2";"A";"1.2";"A";"1.2";"A";"1.2";"A";"1.2";"A";"1.2";"A";"1.2";"A";"1.2";"A";"1.2";"A";"1.2";"A";"1.2";"A";"1.2";"A";"1.2";"A";"1.2";"A"
"1966-T2";"1.6";"A";"1.6";"A";"1.6";"A";"1.6";"A";"1.6";"A";"1.6";"A";"1.6";"A";"1.6";"A";"1.6";"A";"1.6";"A";"1.6";"A";"1.6";"A";"1.6";"A";"1.6";"A";"1.6";"A";"1.6";"A";"1.6";"A";"1.6";"A";"1.6";"A"
"1966-T1";"0.9";"A";"0.9";"A";"0.9";"A";"0.9";"A";"0.9";"A";"0.9";"A";"0.9";"A";"0.9";"A";"0.9";"A";"0.9";"A";"0.9";"A";"0.9";"A";"0.9";"A";"0.9";"A";"0.9";"A";"0.9";"A";"0.9";"A";"0.9";"A";"0.9";"A"
"1965-T4";"1.5";"A";"1.5";"A";"1.5";"A";"1.5";"A";"1.5";"A";"1.5";"A";"1.5";"A";"1.5";"A";"1.5";"A";"1.5";"A";"1.5";"A";"1.5";"A";"1.5";"A";"1.5";"A";"1.5";"A";"1.5";"A";"1.5";"A";"1.5";"A";"1.5";"A"
"1965-T3";"1.5";"A";"1.5";"A";"1.5";"A";"1.5";"A";"1.5";"A";"1.5";"A";"1.5";"A";"1.5";"A";"1.5";"A";"1.5";"A";"1.5";"A";"1.5";"A";"1.5";"A";"1.5";"A";"1.5";"A";"1.5";"A";"1.5";"A";"1.5";"A";"1.5";"A"
"1965-T2";"1.8";"A";"1.8";"A";"1.8";"A";"1.8";"A";"1.8";"A";"1.8";"A";"1.8";"A";"1.8";"A";"1.8";"A";"1.8";"A";"1.8";"A";"1.8";"A";"1.8";"A";"1.8";"A";"1.8";"A";"1.8";"A";"1.8";"A";"1.8";"A";"1.8";"A"
"1965-T1";"0.5";"A";"0.5";"A";"0.5";"A";"0.5";"A";"0.5";"A";"0.5";"A";"0.5";"A";"0.5";"A";"0.5";"A";"0.5";"A";"0.5";"A";"0.5";"A";"0.5";"A";"0.5";"A";"0.5";"A";"0.5";"A";"0.5";"A";"0.5";"A";"0.5";"A"
"1964-T4";"1.4";"A";"1.4";"A";"1.4";"A";"1.4";"A";"1.4";"A";"1.4";"A";"1.4";"A";"1.4";"A";"1.4";"A";"1.4";"A";"1.4";"A";"1.4";"A";"1.4";"A";"1.4";"A";"1.4";"A";"1.4";"A";"1.4";"A";"1.4";"A";"1.4";"A"
"1964-T3";"0.8";"A";"0.8";"A";"0.8";"A";"0.8";"A";"0.8";"A";"0.8";"A";"0.8";"A";"0.8";"A";"0.8";"A";"0.8";"A";"0.8";"A";"0.8";"A";"0.8";"A";"0.8";"A";"0.8";"A";"0.8";"A";"0.8";"A";"0.8";"A";"0.8";"A"
"1964-T2";"1.3";"A";"1.3";"A";"1.3";"A";"1.3";"A";"1.3";"A";"1.3";"A";"1.3";"A";"1.3";"A";"1.3";"A";"1.3";"A";"1.3";"A";"1.3";"A";"1.3";"A";"1.3";"A";"1.3";"A";"1.3";"A";"1.3";"A";"1.3";"A";"1.3";"A"
"1964-T1";"2.2";"A";"2.2";"A";"2.2";"A";"2.2";"A";"2.2";"A";"2.2";"A";"2.2";"A";"2.2";"A";"2.2";"A";"2.2";"A";"2.2";"A";"2.2";"A";"2.2";"A";"2.2";"A";"2.2";"A";"2.2";"A";"2.2";"A";"2.2";"A";"2.2";"A"
"1963-T4";"-0.2";"A";"-0.2";"A";"-0.2";"A";"-0.2";"A";"-0.2";"A";"-0.2";"A";"-0.2";"A";"-0.2";"A";"-0.2";"A";"-0.2";"A";"-0.2";"A";"-0.2";"A";"-0.2";"A";"-0.2";"A";"-0.2";"A";"-0.2";"A";"-0.2";"A";"-0.2";"A";"-0.2";"A"
"1963-T3";"3.4";"A";"3.4";"A";"3.4";"A";"3.4";"A";"3.4";"A";"3.4";"A";"3.4";"A";"3.4";"A";"3.4";"A";"3.4";"A";"3.4";"A";"3.4";"A";"3.4";"A";"3.4";"A";"3.4";"A";"3.4";"A";"3.4";"A";"3.4";"A";"3.4";"A"
"1963-T2";"4.5";"A";"4.5";"A";"4.5";"A";"4.5";"A";"4.5";"A";"4.5";"A";"4.5";"A";"4.5";"A";"4.5";"A";"4.5";"A";"4.5";"A";"4.5";"A";"4.5";"A";"4.5";"A";"4.5";"A";"4.5";"A";"4.5";"A";"4.5";"A";"4.5";"A"
"1963-T1";"-1.0";"A";"-1.0";"A";"-1.0";"A";"-1.0";"A";"-1.0";"A";"-1.0";"A";"-1.0";"A";"-1.0";"A";"-1.0";"A";"-1.0";"A";"-1.0";"A";"-1.0";"A";"-1.0";"A";"-1.0";"A";"-1.0";"A";"-1.0";"A";"-1.0";"A";"-1.0";"A";"-1.0";"A"
"1962-T4";"1.1";"A";"1.1";"A";"1.1";"A";"1.1";"A";"1.1";"A";"1.1";"A";"1.1";"A";"1.1";"A";"1.1";"A";"1.1";"A";"1.1";"A";"1.1";"A";"1.1";"A";"1.1";"A";"1.1";"A";"1.1";"A";"1.1";"A";"1.1";"A";"1.1";"A"
"1962-T3";"1.9";"A";"1.9";"A";"1.9";"A";"1.9";"A";"1.9";"A";"1.9";"A";"1.9";"A";"1.9";"A";"1.9";"A";"1.9";"A";"1.9";"A";"1.9";"A";"1.9";"A";"1.9";"A";"1.9";"A";"1.9";"A";"1.9";"A";"1.9";"A";"1.9";"A"
"1962-T2";"1.5";"A";"1.5";"A";"1.5";"A";"1.5";"A";"1.5";"A";"1.5";"A";"1.5";"A";"1.5";"A";"1.5";"A";"1.5";"A";"1.5";"A";"1.5";"A";"1.5";"A";"1.5";"A";"1.5";"A";"1.5";"A";"1.5";"A";"1.5";"A";"1.5";"A"
"1962-T1";"2.2";"A";"2.2";"A";"2.2";"A";"2.2";"A";"2.2";"A";"2.2";"A";"2.2";"A";"2.2";"A";"2.2";"A";"2.2";"A";"2.2";"A";"2.2";"A";"2.2";"A";"2.2";"A";"2.2";"A";"2.2";"A";"2.2";"A";"2.2";"A";"2.2";"A"
"1961-T4";"1.8";"A";"1.8";"A";"1.8";"A";"1.8";"A";"1.8";"A";"1.8";"A";"1.8";"A";"1.8";"A";"1.8";"A";"1.8";"A";"1.8";"A";"1.8";"A";"1.8";"A";"1.8";"A";"1.8";"A";"1.8";"A";"1.8";"A";"1.8";"A";"1.8";"A"
"1961-T3";"0.9";"A";"0.9";"A";"0.9";"A";"0.9";"A";"0.9";"A";"0.9";"A";"0.9";"A";"0.9";"A";"0.9";"A";"0.9";"A";"0.9";"A";"0.9";"A";"0.9";"A";"0.9";"A";"0.9";"A";"0.9";"A";"0.9";"A";"0.9";"A";"0.9";"A"
"1961-T2";"0.6";"A";"0.6";"A";"0.6";"A";"0.6";"A";"0.6";"A";"0.6";"A";"0.6";"A";"0.6";"A";"0.6";"A";"0.6";"A";"0.6";"A";"0.6";"A";"0.6";"A";"0.6";"A";"0.6";"A";"0.6";"A";"0.6";"A";"0.6";"A";"0.6";"A"
"1961-T1";"1.4";"A";"1.4";"A";"1.4";"A";"1.4";"A";"1.4";"A";"1.4";"A";"1.4";"A";"1.4";"A";"1.4";"A";"1.4";"A";"1.4";"A";"1.4";"A";"1.4";"A";"1.4";"A";"1.4";"A";"1.4";"A";"1.4";"A";"1.4";"A";"1.4";"A"
"1960-T4";"1.1";"A";"1.1";"A";"1.1";"A";"1.1";"A";"1.1";"A";"1.1";"A";"1.1";"A";"1.1";"A";"1.1";"A";"1.1";"A";"1.1";"A";"1.1";"A";"1.1";"A";"1.1";"A";"1.1";"A";"1.1";"A";"1.1";"A";"1.1";"A";"1.1";"A"
"1960-T3";"1.7";"A";"1.7";"A";"1.7";"A";"1.7";"A";"1.7";"A";"1.7";"A";"1.7";"A";"1.7";"A";"1.7";"A";"1.7";"A";"1.7";"A";"1.7";"A";"1.7";"A";"1.7";"A";"1.7";"A";"1.7";"A";"1.7";"A";"1.7";"A";"1.7";"A"
"1960-T2";"2.5";"A";"2.5";"A";"2.5";"A";"2.5";"A";"2.5";"A";"2.5";"A";"2.5";"A";"2.5";"A";"2.5";"A";"2.5";"A";"2.5";"A";"2.5";"A";"2.5";"A";"2.5";"A";"2.5";"A";"2.5";"A";"2.5";"A";"2.5";"A";"2.5";"A"
"1960-T1";"2.0";"A";"2.0";"A";"2.0";"A";"2.0";"A";"2.0";"A";"2.0";"A";"2.0";"A";"2.0";"A";"2.0";"A";"2.0";"A";"2.0";"A";"2.0";"A";"2.0";"A";"2.0";"A";"2.0";"A";"2.0";"A";"2.0";"A";"2.0";"A";"2.0";"A"
"1959-T4";"2.5";"A";"2.5";"A";"2.5";"A";"2.5";"A";"2.5";"A";"2.5";"A";"2.5";"A";"2.5";"A";"2.5";"A";"2.5";"A";"2.5";"A";"2.5";"A";"2.5";"A";"2.5";"A";"2.5";"A";"2.5";"A";"2.5";"A";"2.5";"A";"2.5";"A"
"1959-T3";"1.1";"A";"1.1";"A";"1.1";"A";"1.1";"A";"1.1";"A";"1.1";"A";"1.1";"A";"1.1";"A";"1.1";"A";"1.1";"A";"1.1";"A";"1.1";"A";"1.1";"A";"1.1";"A";"1.1";"A";"1.1";"A";"1.1";"A";"1.1";"A";"1.1";"A"
"1959-T2";"1.2";"A";"1.2";"A";"1.2";"A";"1.2";"A";"1.2";"A";"1.2";"A";"1.2";"A";"1.2";"A";"1.2";"A";"1.2";"A";"1.2";"A";"1.2";"A";"1.2";"A";"1.2";"A";"1.2";"A";"1.2";"A";"1.2";"A";"1.2";"A";"1.2";"A"
"1959-T1";"0.2";"A";"0.2";"A";"0.2";"A";"0.2";"A";"0.2";"A";"0.2";"A";"0.2";"A";"0.2";"A";"0.2";"A";"0.2";"A";"0.2";"A";"0.2";"A";"0.2";"A";"0.2";"A";"0.2";"A";"0.2";"A";"0.2";"A";"0.2";"A";"0.2";"A"
"1958-T4";"0.3";"A";"0.3";"A";"0.3";"A";"0.3";"A";"0.3";"A";"0.3";"A";"0.3";"A";"0.3";"A";"0.3";"A";"0.3";"A";"0.3";"A";"0.3";"A";"0.3";"A";"0.3";"A";"0.3";"A";"0.3";"A";"0.3";"A";"0.3";"A";"0.3";"A"
"1958-T3";"-0.2";"A";"-0.2";"A";"-0.2";"A";"-0.2";"A";"-0.2";"A";"-0.2";"A";"-0.2";"A";"-0.2";"A";"-0.2";"A";"-0.2";"A";"-0.2";"A";"-0.2";"A";"-0.2";"A";"-0.2";"A";"-0.2";"A";"-0.2";"A";"-0.2";"A";"-0.2";"A";"-0.2";"A"
"1958-T2";"0.4";"A";"0.4";"A";"0.4";"A";"0.4";"A";"0.4";"A";"0.4";"A";"0.4";"A";"0.4";"A";"0.4";"A";"0.4";"A";"0.4";"A";"0.4";"A";"0.4";"A";"0.4";"A";"0.4";"A";"0.4";"A";"0.4";"A";"0.4";"A";"0.4";"A"
"1958-T1";"1.3";"A";"1.3";"A";"1.3";"A";"1.3";"A";"1.3";"A";"1.3";"A";"1.3";"A";"1.3";"A";"1.3";"A";"1.3";"A";"1.3";"A";"1.3";"A";"1.3";"A";"1.3";"A";"1.3";"A";"1.3";"A";"1.3";"A";"1.3";"A";"1.3";"A"
"1957-T4";"0.3";"A";"0.3";"A";"0.3";"A";"0.3";"A";"0.3";"A";"0.3";"A";"0.3";"A";"0.3";"A";"0.3";"A";"0.3";"A";"0.3";"A";"0.3";"A";"0.3";"A";"0.3";"A";"0.3";"A";"0.3";"A";"0.3";"A";"0.3";"A";"0.3";"A"
"1957-T3";"1.7";"A";"1.7";"A";"1.7";"A";"1.7";"A";"1.7";"A";"1.7";"A";"1.7";"A";"1.7";"A";"1.7";"A";"1.7";"A";"1.7";"A";"1.7";"A";"1.7";"A";"1.7";"A";"1.7";"A";"1.7";"A";"1.7";"A";"1.7";"A";"1.7";"A"
"1957-T2";"0.7";"A";"0.7";"A";"0.7";"A";"0.7";"A";"0.7";"A";"0.7";"A";"0.7";"A";"0.7";"A";"0.7";"A";"0.7";"A";"0.7";"A";"0.7";"A";"0.7";"A";"0.7";"A";"0.7";"A";"0.7";"A";"0.7";"A";"0.7";"A";"0.7";"A"
"1957-T1";"1.9";"A";"1.9";"A";"1.9";"A";"1.9";"A";"1.9";"A";"1.9";"A";"1.9";"A";"1.9";"A";"1.9";"A";"1.9";"A";"1.9";"A";"1.9";"A";"1.9";"A";"1.9";"A";"1.9";"A";"1.9";"A";"1.9";"A";"1.9";"A";"1.9";"A"
"1956-T4";"1.5";"A";"1.5";"A";"1.5";"A";"1.5";"A";"1.5";"A";"1.5";"A";"1.5";"A";"1.5";"A";"1.5";"A";"1.5";"A";"1.5";"A";"1.5";"A";"1.5";"A";"1.5";"A";"1.5";"A";"1.5";"A";"1.5";"A";"1.5";"A";"1.5";"A"
"1956-T3";"1.2";"A";"1.2";"A";"1.2";"A";"1.2";"A";"1.2";"A";"1.2";"A";"1.2";"A";"1.2";"A";"1.2";"A";"1.2";"A";"1.2";"A";"1.2";"A";"1.2";"A";"1.2";"A";"1.2";"A";"1.2";"A";"1.2";"A";"1.2";"A";"1.2";"A"
"1956-T2";"1.7";"A";"1.7";"A";"1.7";"A";"1.7";"A";"1.7";"A";"1.7";"A";"1.7";"A";"1.7";"A";"1.7";"A";"1.7";"A";"1.7";"A";"1.7";"A";"1.7";"A";"1.7";"A";"1.7";"A";"1.7";"A";"1.7";"A";"1.7";"A";"1.7";"A"
"1956-T1";"0.8";"A";"0.8";"A";"0.8";"A";"0.8";"A";"0.8";"A";"0.8";"A";"0.8";"A";"0.8";"A";"0.8";"A";"0.8";"A";"0.8";"A";"0.8";"A";"0.8";"A";"0.8";"A";"0.8";"A";"0.8";"A";"0.8";"A";"0.8";"A";"0.8";"A"
"1955-T4";"1.1";"A";"1.1";"A";"1.1";"A";"1.1";"A";"1.1";"A";"1.1";"A";"1.1";"A";"1.1";"A";"1.1";"A";"1.1";"A";"1.1";"A";"1.1";"A";"1.1";"A";"1.1";"A";"1.1";"A";"1.1";"A";"1.1";"A";"1.1";"A";"1.1";"A"
"1955-T3";"1.5";"A";"1.5";"A";"1.5";"A";"1.5";"A";"1.5";"A";"1.5";"A";"1.5";"A";"1.5";"A";"1.5";"A";"1.5";"A";"1.5";"A";"1.5";"A";"1.5";"A";"1.5";"A";"1.5";"A";"1.5";"A";"1.5";"A";"1.5";"A";"1.5";"A"
"1955-T2";"1.4";"A";"1.4";"A";"1.4";"A";"1.4";"A";"1.4";"A";"1.4";"A";"1.4";"A";"1.4";"A";"1.4";"A";"1.4";"A";"1.4";"A";"1.4";"A";"1.4";"A";"1.4";"A";"1.4";"A";"1.4";"A";"1.4";"A";"1.4";"A";"1.4";"A"
"1955-T1";"1.3";"A";"1.3";"A";"1.3";"A";"1.3";"A";"1.3";"A";"1.3";"A";"1.3";"A";"1.3";"A";"1.3";"A";"1.3";"A";"1.3";"A";"1.3";"A";"1.3";"A";"1.3";"A";"1.3";"A";"1.3";"A";"1.3";"A";"1.3";"A";"1.3";"A"
"1954-T4";"0.7";"A";"0.7";"A";"0.7";"A";"0.7";"A";"0.7";"A";"0.7";"A";"0.7";"A";"0.7";"A";"0.7";"A";"0.7";"A";"0.7";"A";"0.7";"A";"0.7";"A";"0.7";"A";"0.7";"A";"0.7";"A";"0.7";"A";"0.7";"A";"0.7";"A"
"1954-T3";"1.6";"A";"1.6";"A";"1.6";"A";"1.6";"A";"1.6";"A";"1.6";"A";"1.6";"A";"1.6";"A";"1.6";"A";"1.6";"A";"1.6";"A";"1.6";"A";"1.6";"A";"1.6";"A";"1.6";"A";"1.6";"A";"1.6";"A";"1.6";"A";"1.6";"A"
"1954-T2";"1.7";"A";"1.7";"A";"1.7";"A";"1.7";"A";"1.7";"A";"1.7";"A";"1.7";"A";"1.7";"A";"1.7";"A";"1.7";"A";"1.7";"A";"1.7";"A";"1.7";"A";"1.7";"A";"1.7";"A";"1.7";"A";"1.7";"A";"1.7";"A";"1.7";"A"
"1954-T1";"1.4";"A";"1.4";"A";"1.4";"A";"1.4";"A";"1.4";"A";"1.4";"A";"1.4";"A";"1.4";"A";"1.4";"A";"1.4";"A";"1.4";"A";"1.4";"A";"1.4";"A";"1.4";"A";"1.4";"A";"1.4";"A";"1.4";"A";"1.4";"A";"1.4";"A"
"1953-T4";"1.6";"A";"1.6";"A";"1.6";"A";"1.6";"A";"1.6";"A";"1.6";"A";"1.6";"A";"1.6";"A";"1.6";"A";"1.6";"A";"1.6";"A";"1.6";"A";"1.6";"A";"1.6";"A";"1.6";"A";"1.6";"A";"1.6";"A";"1.6";"A";"1.6";"A"
"1953-T3";"0.4";"A";"0.4";"A";"0.4";"A";"0.4";"A";"0.4";"A";"0.4";"A";"0.4";"A";"0.4";"A";"0.4";"A";"0.4";"A";"0.4";"A";"0.4";"A";"0.4";"A";"0.4";"A";"0.4";"A";"0.4";"A";"0.4";"A";"0.4";"A";"0.4";"A"
"1953-T2";"1.6";"A";"1.6";"A";"1.6";"A";"1.6";"A";"1.6";"A";"1.6";"A";"1.6";"A";"1.6";"A";"1.6";"A";"1.6";"A";"1.6";"A";"1.6";"A";"1.6";"A";"1.6";"A";"1.6";"A";"1.6";"A";"1.6";"A";"1.6";"A";"1.6";"A"
"1953-T1";"1.2";"A";"1.2";"A";"1.2";"A";"1.2";"A";"1.2";"A";"1.2";"A";"1.2";"A";"1.2";"A";"1.2";"A";"1.2";"A";"1.2";"A";"1.2";"A";"1.2";"A";"1.2";"A";"1.2";"A";"1.2";"A";"1.2";"A";"1.2";"A";"1.2";"A"
"1952-T4";"-0.2";"A";"-0.2";"A";"-0.2";"A";"-0.2";"A";"-0.2";"A";"-0.2";"A";"-0.2";"A";"-0.2";"A";"-0.2";"A";"-0.2";"A";"-0.2";"A";"-0.2";"A";"-0.2";"A";"-0.2";"A";"-0.2";"A";"-0.2";"A";"-0.2";"A";"-0.2";"A";"-0.2";"A"
"1952-T3";"1.0";"A";"1.0";"A";"1.0";"A";"1.0";"A";"1.0";"A";"1.0";"A";"1.0";"A";"1.0";"A";"1.0";"A";"1.0";"A";"1.0";"A";"1.0";"A";"1.0";"A";"1.0";"A";"1.0";"A";"1.0";"A";"1.0";"A";"1.0";"A";"1.0";"A"
"1952-T2";"-0.5";"A";"-0.5";"A";"-0.5";"A";"-0.5";"A";"-0.5";"A";"-0.5";"A";"-0.5";"A";"-0.5";"A";"-0.5";"A";"-0.5";"A";"-0.5";"A";"-0.5";"A";"-0.5";"A";"-0.5";"A";"-0.5";"A";"-0.5";"A";"-0.5";"A";"-0.5";"A";"-0.5";"A"
"1952-T1";"1.5";"A";"1.5";"A";"1.5";"A";"1.5";"A";"1.5";"A";"1.5";"A";"1.5";"A";"1.5";"A";"1.5";"A";"1.5";"A";"1.5";"A";"1.5";"A";"1.5";"A";"1.5";"A";"1.5";"A";"1.5";"A";"1.5";"A";"1.5";"A";"1.5";"A"
"1951-T4";"1.0";"A";"1.0";"A";"1.0";"A";"1.0";"A";"1.0";"A";"1.0";"A";"1.0";"A";"1.0";"A";"1.0";"A";"1.0";"A";"1.0";"A";"1.0";"A";"1.0";"A";"1.0";"A";"1.0";"A";"1.0";"A";"1.0";"A";"1.0";"A";"1.0";"A"
"1951-T3";"1.4";"A";"1.4";"A";"1.4";"A";"1.4";"A";"1.4";"A";"1.4";"A";"1.4";"A";"1.4";"A";"1.4";"A";"1.4";"A";"1.4";"A";"1.4";"A";"1.4";"A";"1.4";"A";"1.4";"A";"1.4";"A";"1.4";"A";"1.4";"A";"1.4";"A"
"1951-T2";"0.8";"A";"0.8";"A";"0.8";"A";"0.8";"A";"0.8";"A";"0.8";"A";"0.8";"A";"0.8";"A";"0.8";"A";"0.8";"A";"0.8";"A";"0.8";"A";"0.8";"A";"0.8";"A";"0.8";"A";"0.8";"A";"0.8";"A";"0.8";"A";"0.8";"A"
"1951-T1";"0.3";"A";"0.3";"A";"0.3";"A";"0.3";"A";"0.3";"A";"0.3";"A";"0.3";"A";"0.3";"A";"0.3";"A";"0.3";"A";"0.3";"A";"0.3";"A";"0.3";"A";"0.3";"A";"0.3";"A";"0.3";"A";"0.3";"A";"0.3";"A";"0.3";"A"
"1950-T4";"2.4";"A";"2.4";"A";"2.4";"A";"2.4";"A";"2.4";"A";"2.4";"A";"2.4";"A";"2.4";"A";"2.4";"A";"2.4";"A";"2.4";"A";"2.4";"A";"2.4";"A";"2.4";"A";"2.4";"A";"2.4";"A";"2.4";"A";"2.4";"A";"2.4";"A"
"1950-T3";"2.5";"A";"2.5";"A";"2.5";"A";"2.5";"A";"2.5";"A";"2.5";"A";"2.5";"A";"2.5";"A";"2.5";"A";"2.5";"A";"2.5";"A";"2.5";"A";"2.5";"A";"2.5";"A";"2.5";"A";"2.5";"A";"2.5";"A";"2.5";"A";"2.5";"A"
"1950-T2";"2.5";"A";"2.5";"A";"2.5";"A";"2.5";"A";"2.5";"A";"2.5";"A";"2.5";"A";"2.5";"A";"2.5";"A";"2.5";"A";"2.5";"A";"2.5";"A";"2.5";"A";"2.5";"A";"2.5";"A";"2.5";"A";"2.5";"A";"2.5";"A";"2.5";"A"
"1950-T1";"2.8";"A";"2.8";"A";"2.8";"A";"2.8";"A";"2.8";"A";"2.8";"A";"2.8";"A";"2.8";"A";"2.8";"A";"2.8";"A";"2.8";"A";"2.8";"A";"2.8";"A";"2.8";"A";"2.8";"A";"2.8";"A";"2.8";"A";"2.8";"A";"2.8";"A"
"1949-T4";"1.3";"A";"1.3";"A";"1.3";"A";"1.3";"A";"1.3";"A";"1.3";"A";"1.3";"A";"1.3";"A";"1.3";"A";"1.3";"A";"1.3";"A";"1.3";"A";"1.3";"A";"1.3";"A";"1.3";"A";"1.3";"A";"1.3";"A";"1.3";"A";"1.3";"A"
"1949-T3";"1.5";"A";"1.5";"A";"1.5";"A";"1.5";"A";"1.5";"A";"1.5";"A";"1.5";"A";"1.5";"A";"1.5";"A";"1.5";"A";"1.5";"A";"1.5";"A";"1.5";"A";"1.5";"A";"1.5";"A";"1.5";"A";"1.5";"A";"1.5";"A";"1.5";"A"
"1949-T2";"0.9";"A";"0.9";"A";"0.9";"A";"0.9";"A";"0.9";"A";"0.9";"A";"0.9";"A";"0.9";"A";"0.9";"A";"0.9";"A";"0.9";"A";"0.9";"A";"0.9";"A";"0.9";"A";"0.9";"A";"0.9";"A";"0.9";"A";"0.9";"A";"0.9";"A"
"1949-T1";"";"O";"";"O";"";"O";"";"O";"";"O";"";"O";"";"O";"";"O";"";"O";"";"O";"";"O";"";"O";"";"O";"";"O";"";"O";"";"O";"";"O";"";"O";"";"O"
